3.22886E+11;3.19834E+11;3.23863E+11;3.31415E+11;3.24912E+11;;3.24582E+11
3.09712E+11;3.16812E+11;3.128E+11;3.32331E+11;3.27755E+11;;3.19882E+11
3.07297E+11;3.24357E+11;3.05646E+11;3.2694E+11;3.19196E+11;;3.16687E+11
2.72366E+11;2.87472E+11;2.9901E+11;3.03771E+11;3.10855E+11;;2.94695E+11
2.94365E+11;2.85043E+11;2.96839E+11;2.99731E+11;3.0476E+11;;2.96148E+11
2.88081E+11;3.00124E+11;2.82153E+11;2.93957E+11;2.99846E+11;;2.92832E+11
2.75021E+11;2.75206E+11;2.69069E+11;2.62846E+11;2.8071E+11;;2.7257E+11
2.51843E+11;2.68402E+11;2.40886E+11;2.8801E+11;2.80677E+11;;2.65963E+11
2.49291E+11;2.63987E+11;2.5631E+11;2.53448E+11;2.81606E+11;;2.60929E+11
2.59751E+11;2.67357E+11;2.57465E+11;2.67286E+11;2.55703E+11;;2.61513E+11
2.42526E+11;2.4771E+11;2.45817E+11;2.51195E+11;2.40296E+11;;2.45509E+11
2.31573E+11;2.38923E+11;2.42188E+11;2.50106E+11;2.45779E+11;;2.41714E+11
2.25775E+11;2.37172E+11;2.33416E+11;2.51902E+11;2.39238E+11;;2.37501E+11
2.33796E+11;2.43736E+11;2.38108E+11;2.41455E+11;2.5107E+11;;2.41633E+11
2.28733E+11;2.05304E+11;2.21023E+11;2.43603E+11;2.26209E+11;;2.24974E+11
2.00854E+11;2.24296E+11;2.09135E+11;2.19703E+11;2.23834E+11;;2.15564E+11
2.22228E+11;2.14757E+11;2.13944E+11;2.17001E+11;2.24027E+11;;2.18391E+11
1.98762E+11;2.14785E+11;2.15566E+11;2.18326E+11;2.13545E+11;;2.12197E+11
1.97027E+11;2.08053E+11;2.08313E+11;2.10124E+11;2.12461E+11;;2.07195E+11
1.93048E+11;1.99996E+11;2.0944E+11;2.14243E+11;2.09562E+11;;2.05258E+11
2.02929E+11;1.86003E+11;1.96818E+11;1.98208E+11;1.98033E+11;;1.96398E+11
1.90322E+11;2.01777E+11;1.85066E+11;1.98803E+11;1.95959E+11;;1.94385E+11
1.85131E+11;1.87698E+11;1.93783E+11;1.94642E+11;1.91728E+11;;1.90596E+11
1.83409E+11;1.87841E+11;1.89191E+11;1.99504E+11;1.96997E+11;;1.91389E+11
1.80584E+11;1.87344E+11;1.82739E+11;1.84064E+11;1.77277E+11;;1.82402E+11
1.74537E+11;1.73091E+11;1.778E+11;1.87709E+11;1.80702E+11;;1.78768E+11
1.67559E+11;1.62377E+11;1.56228E+11;1.79476E+11;1.82534E+11;;1.69635E+11
1.66776E+11;1.66096E+11;1.69228E+11;1.74599E+11;1.57389E+11;;1.66817E+11
1.48127E+11;1.53781E+11;1.65077E+11;1.73983E+11;1.72952E+11;;1.62784E+11
1.58908E+11;1.4857E+11;1.65917E+11;1.62597E+11;1.59171E+11;;1.59033E+11
1.64182E+11;1.59476E+11;1.53835E+11;1.62973E+11;1.68706E+11;;1.61834E+11
1.57016E+11;1.52907E+11;1.43532E+11;1.59843E+11;1.60296E+11;;1.54719E+11
1.50005E+11;1.53858E+11;1.5424E+11;1.59948E+11;1.5234E+11;;1.54078E+11
1.51642E+11;1.48156E+11;1.54206E+11;1.54465E+11;1.49467E+11;;1.51587E+11
1.52455E+11;1.51477E+11;1.4913E+11;1.4305E+11;1.52087E+11;;1.4964E+11
1.34221E+11;1.51479E+11;1.37617E+11;1.47043E+11;1.4431E+11;;1.42934E+11
1.42391E+11;1.41353E+11;1.42239E+11;1.40402E+11;1.49197E+11;;1.43116E+11
1.3776E+11;1.35918E+11;1.30817E+11;1.36038E+11;1.42957E+11;;1.36698E+11
1.39293E+11;1.34397E+11;1.30112E+11;1.4518E+11;1.39493E+11;;1.37695E+11
1.33985E+11;1.26702E+11;1.34476E+11;1.40606E+11;1.30592E+11;;1.33272E+11
1.29494E+11;1.24753E+11;1.30807E+11;1.36059E+11;1.36824E+11;;1.31587E+11
1.26537E+11;1.25322E+11;1.26145E+11;1.30388E+11;1.29169E+11;;1.27512E+11
1.19931E+11;1.24639E+11;1.24873E+11;1.26552E+11;1.23944E+11;;1.23988E+11
1.21086E+11;1.29227E+11;1.17867E+11;1.29138E+11;1.28677E+11;;1.25199E+11
1.21919E+11;1.2289E+11;1.18677E+11;1.25037E+11;1.21118E+11;;1.21928E+11
1.22026E+11;1.16733E+11;1.18554E+11;1.22262E+11;1.14811E+11;;1.18877E+11
1.23332E+11;1.09227E+11;1.16613E+11;1.20151E+11;1.11748E+11;;1.16214E+11
1.15084E+11;1.16816E+11;1.16437E+11;1.12222E+11;1.17511E+11;;1.15614E+11
1.14359E+11;1.12862E+11;1.12508E+11;1.14859E+11;1.12172E+11;;1.13352E+11
1.10145E+11;1.12207E+11;1.12041E+11;1.12016E+11;1.07102E+11;;1.10702E+11
1.07753E+11;1.10238E+11;1.07129E+11;1.10003E+11;1.1193E+11;;1.09411E+11
1.0788E+11;1.06606E+11;1.10593E+11;1.08232E+11;1.12462E+11;;1.09155E+11
1.08847E+11;1.05446E+11;1.04028E+11;1.10085E+11;1.05242E+11;;1.0673E+11
1.02723E+11;93605216256;99472580608;1.02027E+11;1.04201E+11;;1.00406E+11
1.0084E+11;1.04673E+11;99683926016;1.01615E+11;98912567296;;1.01145E+11
99165134848;1.00602E+11;95483510784;1.00874E+11;1.0219E+11;;99662910259
1.01274E+11;98080546816;96792330240;95949406208;98997968896;;98218860544
95796224000;96329752576;94033444864;95509348352;94630535168;;95259860992
96322043904;93873250304;93813497856;90940661760;93424713728;;93674833510
95984508928;93595590656;93442506752;95794012160;93192634368;;94401850573
89528303616;87822974976;93783375872;88529838080;92816113664;;90496121242
92150415360;88202297344;89998671872;87951761408;89463947264;;89553418650
89864495104;81765392384;89724084224;89198854144;86232809472;;87357127066
89856516096;85441265664;86294061056;88167661568;81930969088;;86338094694
89094094848;84505255936;85323137024;85657780224;83756417024;;85667337011
85551677440;85749473280;79951724544;85982109696;87020175360;;84851032064
85862219776;81592573952;80667246592;83678732288;79829696512;;82326093824
74781933568;85274378240;82146770944;82845179904;82603556864;;81530363904
77155606528;80693796864;78147633152;79546662912;83271958528;;79763131597
75502116864;80464961536;81712979968;77902577664;81909809152;;79498489037
77006446592;81349804032;75416133632;80231899136;78183260160;;78437508710
75367563264;77302669312;75085275136;77922664448;76545613824;;76444757197
74104668160;76945661952;74598203392;74681901056;73971081216;;74860303155
77608296448;74764591104;71780245504;73227321344;75946393600;;74665369600
77489995776;74937565184;71306280960;72897306624;67223474176;;72770924544
68871602176;71484768256;68844003328;71246340096;71835713536;;70456485478
71347298304;68416565248;70345564160;69334228992;71728955392;;70234522419
72321449984;72694661120;69253013504;74460422144;68754350080;;71496779366
70444072960;65155018752;70624567296;67742212096;67944419328;;68382058086
67728474112;68892377088;67636350976;69625290752;69901139968;;68756726579
65789726720;66216808448;63949029376;67530645504;67872436224;;66271729254
64126689280;66285654016;66099769344;68707262464;67930427392;;66629960499
64321114112;67136712704;64671252480;63819292672;65001103360;;64989895066
65516601344;64420216832;65094533120;65724620800;63480958976;;64847386214
63364456448;62949679104;65053970432;63221321728;64453632000;;63808611942
63480455168;63099387904;63310856192;63376642048;60758949888;;62805258240
60382011392;59886477312;57004171264;63013130240;60906848256;;60238527693
61506666496;62202064896;62592716800;60543856640;60599320576;;61488925082
60380921856;61282906112;59977674752;60148977664;61776642048;;60713424486
59425288192;58511237120;58555244544;62276280320;56413532160;;59036316467
57376940032;58775515136;57573912576;57980264448;59945840640;;58330494566
57368674304;58406244352;58348982272;58892374016;57574797312;;58118214451
57785331712;54944260096;57586597888;57953308672;55578759168;;56769651507
57452150784;57065578496;56094216192;59072159744;57244917760;;57385804595
55946629120;55874142208;54204698624;52733038592;55757660160;;54903233741
54210211840;55333203968;51157528576;55474778112;53939736576;;54023091814
54338187264;55251849216;54682148864;53775486976;53959000064;;54401334477
51564494848;54110232576;52882644992;52847616000;54085496832;;53098097050
52631695360;52792569856;52425834496;54876647424;54428921856;;53431133798
51715231744;53180850176;49488949248;51697008640;50818494464;;51380106854
50970845184;51225141248;48980246528;53862178816;47742308352;;50556144026
53832327168;50701209600;50180161536;50516996096;52238958592;;51493930598
53134934016;51720617984;51348201472;52653453312;49274216448;;51626284646
52326244352;51611791360;49807626240;50271084544;48719810560;;50547311411
47854690304;49792667648;46587064320;48239865856;49702490112;;48435355648
50223476736;48849338368;48264253440;49064710144;47935234048;;48867402547
49493237760;47626010624;48976588800;47120273408;47710904320;;48185402982
46921129984;47549890560;46847578112;49048420352;48120283136;;47697460429
47523356672;46903963648;47096164352;48488902656;46638784512;;47330234368
46165573632;47464603648;44996362240;47759478784;47737176064;;46824638874
48737079296;46785384448;45996007424;47227154432;44866236416;;46722372403
45240565760;44512301056;45259022336;44281393152;46066921472;;45072040755
46839508992;44341751808;43051143168;45650427904;47342305280;;45445027430
45663985664;43312099328;43433283584;44274864128;46449205248;;44626687590
46289055744;44209528832;44327964672;46057443328;46687141888;;45514226893
44249292800;42738434048;44542177280;45526638592;45593317376;;44529972019
42928496640;42426347520;43661381632;44099010560;44167462912;;43456539853
42829619200;41085612032;42970165248;44358754304;43111079936;;42871046144
42635743232;42462793728;42807537664;42346659840;44065382400;;42863623373
42727112704;41455849472;43929964544;42663899136;45058433024;;43167051776
41782628352;40986431488;43285245952;42260258816;41288028160;;41920518554
43120205824;41192689664;41586712576;40748199936;43853557760;;42100273152
43321769984;41287659520;42356854784;41759162368;39985897472;;41742268826
42098253824;40577228800;39835701248;40240259072;41545588736;;40859406336
40460128256;40668606464;41774194688;41955934208;41706299392;;41313032602
42097246208;40514351104;40687517696;40531038208;41809334272;;41127897498
42183553024;39532654592;40552083456;39974420480;42223190016;;40893180314
40091463680;39751610368;39914864640;40879984640;40445489152;;40216682496
42306912256;39888199680;39539220480;39349256192;41461194752;;40508956672
40152719360;39233802240;39521308672;36717096960;41542340608;;39433453568
38688825344;36662714368;37957148672;37732765696;39247220736;;38057734963
37994520576;39662518272;38035996672;38145286144;38411882496;;38450040832
38962114560;38107590656;39892910080;38237380608;39037665280;;38847532237
38731644928;37020413952;38706380800;38097100800;39216709632;;38354450022
39431163904;38269964288;36927582208;38101651456;38058954752;;38157863322
37595250688;35349344256;37851250688;35898781696;38136135680;;36966152602
38204641280;37453832192;37143605248;36202274816;37326045184;;37266079744
38532698112;37435449344;36720566272;34796396544;37902462976;;37077514650
39085899776;34837942272;37292503040;35472728064;37150052352;;36767825101
37234515968;35687907328;37339283456;35943206912;36830019584;;36606986650
37636612096;35563282432;35727163392;35983749120;36004118528;;36182985114
36190265344;35634966528;35852075008;35364102144;35415560192;;35691393843
36951515136;35551625216;32626700288;36177158144;35444482048;;35350296166
37290287104;34322982912;35849629696;36212133888;35629948928;;35860996506
34466107392;35945844736;33991710720;34768613376;35263520768;;34887159398
34450382848;32492349440;34814038016;34147676160;35090890752;;34199067443
35021656064;34847891456;34700587008;35117813760;36225105920;;35182610842
35043352576;33123952640;35069796352;34106884096;33050054656;;34078808064
35355447296;33667086336;33643157504;33489893376;35085074432;;34248131789
33591390208;34205945856;34599272448;33359144960;34826301440;;34116410982
33432379392;33341976576;34341580800;35047305216;34589495296;;34150547456
32570656768;33145509888;32444315648;35034902528;33279983616;;33295073690
34501574656;33030225920;34975420416;34527772672;34025455616;;34212089856
33360881664;32814366720;33641996288;31139102720;34528964608;;33097062400
33452566528;31669112832;34038728704;33459064832;33394792448;;33202853069
31672764416;33924268032;32968271872;33374457856;32386064384;;32865165312
32141971456;33215860736;34072092672;32966037504;32587882496;;32996768973
32372750336;33369063424;32169494528;29496377344;32071940096;;31895925146
32637761536;31274182656;31560759296;32553861120;31844085760;;31974130074
31980834816;31480821760;32874680320;30714177536;32286185472;;31867339981
32285962240;33051344896;32185643008;31967432704;33525137408;;32603104051
33220528128;32368789504;31902728192;32000538624;32357195776;;32369956045
31247190016;32494485504;30789453824;32523812864;33324523520;;32075893146
30902751232;32342185984;31402371072;30869127168;31578974208;;31419081933
30252906496;29834430464;32656285696;32259772416;31819075584;;31364494131
31877545984;31192737792;30417025024;30136659968;31002621952;;30925318144
30421762048;31114631168;30826004480;31016282112;30267705344;;30729277030
32014211072;31228262400;31130605568;30991859712;31744659456;;31421919642
31131908096;30784675840;30851602432;29980731392;32270657536;;31003915059
31307812864;30818619392;30517098496;29471240192;30504177664;;30523789722
30766430208;30679525376;30836957184;30692327424;30764736512;;30747995341
28611364864;29691992064;29625612288;30438084608;28789737472;;29431358259
28894822400;29643159552;29714528256;30539440128;29100376064;;29578465280
28336867328;29935339520;29274382336;29724946432;31422601216;;29738827366
30061481984;29834674176;29602764800;30774538240;31292059648;;30313103770
29994082304;29467123712;28084963328;30238134272;30594889728;;29675838669
29514291200;29921662976;29926981632;30048104448;28535463936;;29589300838
28056227840;29683359744;29841076224;28967200768;30900432896;;29489659494
26839345152;28292460544;30652481536;29196619776;30311704576;;29058522317
29728225280;29854185472;29545603072;29246758912;29439129600;;29562780467
27006957568;29820633088;30160156672;28999682048;29293244416;;29056134758
26872952832;27025451008;30258022400;29083764736;29396406272;;28527319450
27389241344;29100738560;28383836160;29617840128;29866586112;;28871648461
29456244736;28906221568;29618671616;29282529280;28352006144;;29123134669
29073836032;26422900736;28598161408;27197046784;29504272384;;28159243469
28491628544;28287199232;27966844928;29706829824;28647960576;;28620092621
28223123456;28685617152;29376894976;26884360192;28311726080;;28296344371
28326737920;27969673216;29626943488;28230076416;27707666432;;28372219494
27076749312;28295866368;29137778688;27241580544;28944234496;;28139241882
28364892160;26779498496;28047007744;28065294336;28377231360;;27926784819
27570552832;27905357824;27225245696;28098056192;27824369664;;27724716442
27724189696;28225777664;28329730048;27037073408;28439054336;;27951165030
27666317312;28094900224;27481118720;28399042560;28207933440;;27969862451
28302233600;27395004416;26900297728;27611408384;28225519616;;27686892749
27564099584;26883012608;27017420800;27235758080;29062795264;;27552617267
27444805632;26737338368;27942529024;27511881728;27827902464;;27492891443
27719483392;27560693760;26253379584;27124094976;28456908800;;27422912102
27646222336;25810763776;27637475328;27265994752;27869827072;;27246056653
27503654912;27081668608;26505709568;26380173312;28004372480;;27095115776
26735865856;27063230464;26651174912;27445905408;27720882176;;27123411763
25861742592;26445639680;26670899200;27839821824;26735624192;;26710745498
27180075008;25110349824;27311939584;27526739968;26772461568;;26780313190
27152914432;26727675904;27521388544;27180955648;27120560128;;27140698931
27576932352;24710447104;26954881024;26795399168;26736674816;;26554866893
26690584576;25527248896;26048825344;26689476608;28454991872;;26682225459
26355548160;25501753344;24505978880;25625604096;26842085376;;25766193971
25911627776;26257532928;25980270592;27391135744;26512558080;;26410625024
25627541504;26100615168;24380329984;26526138368;27002204160;;25927365837
26880542720;24892579840;26839123968;26170234880;25924296704;;26141355622
26348363776;25861570560;25296105472;25706035200;27539744768;;26150363955
26893563904;25468702720;25538746368;26378784768;27293306880;;26314620928
26992650240;23492003840;25915103232;26023806976;26896039936;;25863920845
25992257536;25345591296;26250479616;26137931776;25178449920;;25780942029
25930684416;23374858240;25693693952;25950013440;26187603968;;25427370803
25631823872;24770912256;24635340800;26222497792;26532157440;;25558546432
26747860992;25094289408;24186216448;24570550272;25269940224;;25173771469
24689502208;24498546688;23279104000;26293745664;26180622336;;24988304179
24082739200;23724922880;25367005184;26206134272;25627375616;;25001635430
25602670592;23328272384;25286817792;25286725632;26129098752;;25126717030
24752711680;25096640512;24520366080;25356824576;25320419328;;25009392435
25552164864;25445048320;23932528640;25482604544;25072781312;;25097025536
23839346688;22591184896;25059868672;24298561536;25104541696;;24178700698
24744583168;24053893120;24890712064;25069475840;26189989888;;24989730816
25181100032;25136660480;24497106944;24937859072;25996402688;;25149825843
24810848256;24687562752;23789797376;24449947648;25311694848;;24609970176
23590653952;24035686400;23010430976;22998511616;25045065728;;23736069734
25350078464;23772915712;24526632960;23950139392;24336338944;;24387221094
24976031744;22459799552;24873031680;24670836736;24360175616;;24267975066
24867545088;23306530816;24582207488;24288303104;26075125760;;24623942451
24845318144;23470596096;25243990016;25010644992;24584908800;;24631091610
24137928704;24717273088;24516880384;24266760192;25195251712;;24566818816
25487185920;24309336064;23323103232;25563422720;24605929472;;24657795482
24606488576;24143441920;24325173248;24997615616;25231011840;;24660746240
24762767360;22454261760;23178452992;24198467584;25528127488;;24024415437
24352817152;24054855680;24137144320;23355400192;23557937152;;23891630899
22620942336;23923900416;23399579648;24794763264;25111805952;;23970198323
23214723072;22701631488;24374480896;24211542016;24588638208;;23818203136
24266297344;24603744256;24670875648;22788214784;24700424192;;24205911245
24349251584;22690150400;23910789120;23733698560;25350438912;;24006865715
24897077248;22984933376;23111192576;23278022656;24899094528;;23834064077
23741007872;24230787072;24447186944;23511267328;23329306624;;23851911168
24814397440;23547082752;23707314176;23957977088;24674441216;;24140242534
24029417472;23671822336;22386274304;23525963776;23526424576;;23427980493
23835406336;23434088448;21691678720;22886979584;23664254976;;23102481613
23754268672;22816399360;22758275072;23486990336;23777775616;;23318741811
23308660736;23359797248;22801498112;23539933184;24230506496;;23448079155
23482007552;23632629760;24297332736;23963889664;24616044544;;23998380851
24131123200;20751210496;23340804096;24008564736;24651599872;;23376660480
23363469312;22619060224;22133719040;23799951360;22954520576;;22974144102
23161780224;23465465856;23468670976;22372388864;23747520512;;23243165286
22995197952;23470379008;23899901952;20305389568;22862077952;;22706589286
22241527808;23122362368;24092741632;22546731008;22829985792;;22966669722
22090733568;22837960704;22223349760;22343317504;23377096704;;22574491648
22919999488;21379934208;22310891520;23537018880;23415488512;;22712666522
23703676928;23070332928;23145363456;22288166912;22913982464;;23024304538
23041347584;22872082432;22855477248;21978601472;23523198976;;22854141542
22625075200;22417264640;22951569408;23495733248;24021217280;;23102171955
22386599936;22562713600;21702434816;23070148608;23729532928;;22690285978
23118854144;22834552832;23055153152;22843480064;23548270592;;23080062157
22654418944;21994172416;22244718592;22063126528;23790614528;;22549410202
22012794880;21193385984;23262515200;22333380608;23212109824;;22402837299
23201652736;21804769280;22712915968;22074167296;23042041856;;22567109427
22620991488;21199493120;22104506368;21477847040;22685816832;;22017730970
21640103936;21339207680;22301972480;21530574848;23059173376;;21974206464
22917165056;22011191296;21869254656;22992586752;22263703552;;22410780262
22542934016;22002176000;22187468800;21736814592;23586795520;;22411237786
22795231232;21598674944;22823692288;20864387072;22448295936;;22106056294
22397110272;21910466560;22405687296;22088151040;22699159552;;22300114944
22699366400;21976965120;23066208256;22946082816;22148669440;;22567458406
23045494784;21466167296;21421012992;22664144896;22567553024;;22232874598
22910599168;22784014336;22079907840;21722836992;21647247360;;22228921139
23172732928;22525169664;21837953024;21756850176;22898282496;;22438197658
22198312960;21835264000;21575299072;23164379136;23022192640;;22359089562
22303827968;22297122816;21637201920;23240976384;22986199040;;22493065626
22680348672;21222975488;20445206528;22233923584;22462240768;;21808939008
22598367232;21370865664;21214169088;22226657280;22324948992;;21947001651
22802704384;20777093120;21385007104;22081081344;22965389312;;22002255053
21534402560;21341986816;21220562944;22457214976;21851760640;;21681185587
22719418368;22099861504;21491267584;21951379456;22067714048;;22065928192
21283272704;21496834048;22083012608;20916582400;22567313408;;21669403034
22118021120;22459422720;22647123968;21047236608;22741934080;;22202747699
21927260160;22168885248;22314496000;21227782144;22011281408;;21929940992
23138705408;20883644416;22906413056;20932337664;20489564160;;21670132941
22632488960;20407937024;20894615552;21293809664;22543824896;;21554535219
22530242560;20769591296;22738151424;22259832832;22278410240;;22115245670
22261641216;20668946432;22320660480;21024544768;22147969024;;21684752384
20808499200;22300463104;21545719808;21564620800;22558171136;;21755494810
22501054464;21218803712;22075615232;21887068160;23009425408;;22138393395
22912849920;21650216960;22430324736;20699123712;20752916480;;21689086362
21589557248;21980850176;22649628672;20871749632;21745604608;;21767478067
20914147328;22403115008;22143784960;21743386624;22312949760;;21903476736
21280094208;20489558016;20081217536;19950694400;21506404352;;20661593702
20951535616;21234653184;22041788416;21729603584;21362294784;;21463975117
22087686144;21528383488;21914679296;20531660800;20298061824;;21272094310
22453577728;19802769408;21198972928;20640462848;22697660416;;21358688666
21602893824;21029429248;21613510656;21606021120;22332377088;;21636846387
20912701440;21446240256;20126420992;21577476096;21582741504;;21129116058
21657569280;21367382016;21992378368;21857728512;21299341312;;21634879898
21598947328;21392924672;20003821568;21284610048;21879408640;;21231942451
20636733440;21229518848;20835231744;22185742336;22146375680;;21406720410
20779993088;20267184128;20274239488;21057210368;21897203712;;20855166157
21512986624;20610463744;21733730304;21034659840;21940213760;;21366410854
20739033088;20732209152;21241614336;21441470464;21390434304;;21108952269
21102876672;20767733760;22129125376;20765526016;22469457920;;21446943949
20317587456;21143388160;21547991040;21671071744;22127673344;;21361542349
20847491072;21387956224;22209478656;21437378560;21723066368;;21521074176
21796859904;20191049728;21101371392;21814833152;21992646656;;21379352166
19289536512;21421164544;21749813248;22565310464;21487638528;;21302692659
21009043456;21414459392;21304590336;21510324224;21217861632;;21291255808
20725262336;21128484864;20431218688;21251321856;20558383104;;20818934170
20683716608;21288019968;21464969216;21078824960;21234288640;;21149963878
21232216064;21109354496;20744046592;20612046848;19618404352;;20663213670
20875786240;20323889152;21092767744;21434187776;21292009472;;21003728077
20218982400;20840134656;20703959040;21021587456;20895012864;;20735935283
21263476736;20638488576;21233557504;21113817088;22249011200;;21299670221
20445812736;21201844224;20939599872;21801406464;20775444480;;21032821555
21216241664;21311158272;19283005440;19504019456;21619169280;;20586718822
20741136384;21193990144;19873325056;20993601536;22199508992;;21000312422
20674420736;21236094976;20686215168;20830210048;20750166016;;20835421389
21350557696;20580358144;21239484416;20713043968;21187694592;;21014227763
20530702336;20104916992;21333467136;21132675072;20217860096;;20663924326
20185102336;20851234816;20683896832;20570578944;21259440128;;20710050611
20534865920;20733237248;19692748800;20263493632;21114390528;;20467747226
19864696832;19527434240;20514701312;21289013248;20921999360;;20423568998
20747743232;20012300288;21050056704;20844314624;20929538048;;20716790579
21041616896;20881612800;20496269312;20897249280;21433307136;;20950011085
20481351680;21155340288;20005001216;20670521344;20889784320;;20640399770
20771938304;20810743808;19910062080;20071254016;20772290560;;20467257754
20344207360;20793554944;20799739904;21313089536;20967045120;;20843527373
20868864000;21216710656;20409483264;20863320064;18242643968;;20320204390
20122748928;19983478784;21127311360;20208908288;20106844160;;20309858304
21307531264;20260960256;21009344512;19834447872;20691087360;;20620674253
20506175488;19723079680;20309743616;20452462592;21428068352;;20483905946
21104619520;19574437888;20525830144;19511791616;20421263360;;20227588506
20325662720;19738458112;19126032384;21011953664;20888676352;;20218156646
20549332992;19978516480;20301119488;21151799296;20877756416;;20571704934
20759052288;20259692544;21121447936;21071560704;20843814912;;20811113677
20836923392;20551608320;19129997312;20811038720;21100234752;;20485960499
19566241792;20865839104;20932098048;19861823488;20482682880;;20341737062
20007544832;19790534656;20552597504;21202040832;20047771648;;20320097894
20154476544;20170383360;20127776768;19909244928;20619980800;;20196372480
19773904896;19608256512;20311568384;20080273408;20357433344;;20026287309
20685101056;20449642496;20398254080;20644671488;21078943744;;20651322573
19666325504;20631291904;18847885312;20383297536;20797306880;;20065221427
18723125248;20312233984;19032838144;20589213696;19841796096;;19699841434
20093257728;21017585664;20572960768;20434946048;20780423168;;20579834675
20644159488;20638081024;18630303744;20687669248;18647363584;;19849515418
20436441088;20057933824;19859556352;21109592064;20899876864;;20472680038
19999277056;19869433856;20125974528;20558153728;20787154944;;20267998822
18363631616;20210069504;19224276992;20443199488;20025049088;;19653245338
19700674560;20434622464;20646713344;20734627840;20588992512;;20421126144
20306561024;20266962944;20071970816;19962009600;20705959936;;20262692864
19466610688;19321251840;20529694720;20406751232;20590186496;;20062898995
19580030976;19755171840;20175828992;20789485568;20640065536;;20188116582
19943110656;20260253696;19174795264;19567345664;20358293504;;19860759757
19832616960;19390529536;19834001408;20919363584;19657074688;;19926717235
18991734784;20860416000;19157018624;19377721344;19842955264;;19645969203
18776020992;19807655936;19081877504;20691535872;19373836288;;19546185318
20171712512;20108138496;20750004224;20434888704;20691904512;;20431329690
20232198144;19254073344;20966959104;19814918144;19948212224;;20043272192
20279791616;18336860160;19436554240;20014882816;20341626880;;19681943142
19663779840;19423793152;19446245376;20295387136;19640016896;;19693844480
19663368192;20001439744;20151818240;18619414528;19114078208;;19510023782
20398444544;19873392640;19677857792;20718344192;20226719744;;20178951782
19943413760;19376322560;19780202496;20713084928;19874627584;;19937530266
20018307072;19627984896;19611146240;19428519936;17627611136;;19262713856
20031920128;20241799168;20112865280;19218599936;19028322304;;19726701363
19278784512;20197410816;18648928256;20253145088;19023081472;;19480270029
19931236352;19540385792;20667828224;20030621696;20364982272;;20107010867
19972380672;19687862272;19769753600;20127072256;20082970624;;19928007885
19851638784;19717339136;19458942976;18709579776;19343101952;;19416120525
18880573440;19933149184;19472652288;20016646144;19909294080;;19642463027
19429505024;19509467136;18138730496;19507996672;20313933824;;19379926630
19812235264;19619981312;18359640064;20001804288;18887016448;;19336135475
20683753472;19617605632;19510710272;20020746240;19910805504;;19948724224
20075862016;19038453760;19623444480;20241360896;20264523776;;19848728986
20361611264;18207621120;19531814912;18878644224;19228184576;;19241575219
19404191744;20103059456;19017242624;19363532800;18827468800;;19343099085
19691741184;19111151616;19853623296;20391403520;19512702976;;19712124518
19065626624;19152711680;18513637376;19223605248;19527708672;;19096657920
19560878080;18232313856;19087622144;20000638976;19903356928;;19356961997
19379900416;18930364416;18536574976;19612837888;19580704768;;19208076493
19778314240;20208928768;18284908544;18688047104;18542481408;;19100536013
19595669504;19070760960;19439702016;19341211648;19935666176;;19476602061
19345276928;19278667776;19298297856;19758606336;19650451456;;19466260070
19386286080;18993149952;19229175808;20050188288;19474337792;;19426627584
19604893696;19597309952;19809071104;18787002368;19555221504;;19470699725
19136583680;19456020480;18831112192;20097652736;19641221120;;19432518042
19022264320;19598534656;18329067520;19510183936;17480701952;;18788150477
19121625088;19196188672;18654855168;19927023616;19615621120;;19303062733
19258417152;20019623936;19614054400;19122520064;19162138624;;19435350835
19737178112;19043532800;19188303872;20429432832;20068311040;;19693351731
18611288064;19663771648;19442257920;20216756224;18556229632;;19298060698
19381268480;18834434048;19667060736;19751139328;17961502720;;19119081062
19722332160;18775269376;19478241280;18168905728;19992373248;;19227424358
19510571008;19474747392;18540558336;18315493376;19894845440;;19147243110
19340599296;19071631360;19424421888;19270215680;19995975680;;19420568781
17823299584;18440443904;19263401984;20258408448;18894200832;;18935950950
19857836032;19579785216;18750820352;19559276544;19919288320;;19533401293
19175000064;18904596480;19276943360;19431870464;19011627008;;19160007475
18595065856;20353148928;18796380160;18926219264;18895949824;;19113352806
18718228480;20005052416;18277642240;19911176192;19710695424;;19324558950
18740375552;18379634688;18720851968;18368163840;19722932224;;18786391654
19012855808;19666886656;18575032320;18589485056;19767803904;;19122412749
19697600512;18937733120;19091034112;20415213568;20042854400;;19636887142
19465336832;19715715072;19049463808;19469514752;19905087488;;19521023590
18228189184;17908328448;19596034048;19020539904;18710781952;;18692774707
19719823360;20006535168;18566451200;19342661632;18145103872;;19156115046
19365322752;19854776320;18976016384;18914187264;19502950400;;19322650624
19160055808;19942672384;19358040064;20048840704;19487469568;;19599415706
19890700288;19028160512;18279688192;19767269376;18901250048;;19173413683
19719155712;19476209664;18773835776;17642770432;18477033472;;18817801011
19527890944;19210156032;18290155520;19580282880;19749857280;;19271668531
19532236800;19995795456;18816673792;20294301696;18318131200;;19391427789
19748933632;19207905280;19423797248;20072255488;18602338304;;19411045990
19118964736;18691317760;19717185536;18442989568;19709511680;;19135993856
19514116096;17432336384;18619758592;19987212288;18906601472;;18892004966
19554756608;18542864384;18286190592;19588636672;18435078144;;18881505280
18898243584;18984734720;18109245440;20204197888;19762853888;;19191855104
19282104320;17310394368;19139162112;19521406976;19249186816;;18900450918
19381565440;19969896448;17970059264;19580338176;19599595520;;19300290970
19583019008;19843172352;18637774848;19686074368;19066247168;;19363257549
18087505920;19552595968;18419834880;20170704896;18591883264;;18964504986
19444465664;18350483456;18783272960;20154136576;18315556864;;19009583104
18020853760;18118397952;19451461632;20263182336;18365360128;;18843851162
19384436736;18308659200;19131944960;20275130368;18905896960;;19201213645
18708670464;19273887744;19260405760;20567445504;19157559296;;19393593754
19357165568;18773069824;18386882560;19933067264;19843411968;;19258719437
19053871104;19196897280;20014942208;20326569984;19815170048;;19681490125
19311525888;18853888000;18967296000;19197186048;18964774912;;19058934170
19361691648;18535141376;18024495104;18561032192;19129788416;;18722429747
17107047424;19341389824;19142699008;19798949888;19867428864;;19051503002
19416129536;18870067200;18850539520;20562450432;19874629632;;19514763264
19592892416;17788731392;19143960576;19774992384;19000309760;;19060177306
18568753152;19131990016;19462971392;19676569600;19049013248;;19177859482
18289428480;19042091008;18663628800;18990884864;18696962048;;18736599040
18930759680;18022279168;18468624384;19238453248;19442116608;;18820446618
18772056064;18623348736;19012548608;18961000448;18215753728;;18716941517
18677383168;17786337280;18329348096;20233814016;17812908032;;18567958118
19307585536;18147813376;19196655616;19294994432;18824923136;;18954394419
19898425344;18464378880;19441713152;19599210496;20072423424;;19495230259
18901729280;18585012224;17855907840;19230967808;18748080128;;18664339456
18772727808;19633385472;19435728896;19213676544;19332024320;;19277508608
18213742592;18160351232;17825210368;19692195840;18175668224;;18413433651
18765420544;18535630848;18298114048;18503331840;18362400768;;18492979610
17038895104;19181993984;19300956160;20001206272;19077408768;;18920092058
18558955520;18826799104;19053395968;19218405376;19124346880;;18956380570
18683607040;18814449664;18164686848;19004915712;19331190784;;18799770010
19530483712;19285432320;19709177856;20297703424;19357075456;;19635974554
18074095616;19347908608;19578099712;19034822656;17923885056;;18791762330
18816325632;17742440448;19253282816;17359357952;19116029952;;18457487360
18165149696;18686681088;18533056512;19747643392;19546560512;;18935818240
18633105408;17729433600;17708556288;18361427968;19737231360;;18433950925
19131447296;19070619648;18236332032;18315806720;17899638784;;18530768896
17956894720;18457575424;18035515392;18752219136;19047983104;;18450037555
18721927168;19011911680;18856052736;19567220736;18278604800;;18887143424
18757982208;19093581824;19296962560;18593302528;18999928832;;18948351590
17029880832;19120275456;19252856832;19339589632;19074531328;;18763426816
17488818176;19678261248;18446845952;19754207232;19126573056;;18898941133
18826518528;19548917760;18458920960;19221893120;18301321216;;18871514317
19129092096;19849992192;19709747200;19096205312;18943377408;;19345682842
19094704128;18348132352;18877110272;18650587136;17859747840;;18566056346
19382396928;18421551104;19451613184;19285469184;19489263616;;19206058803
18449711104;18839662592;17840474112;19455434752;19332122624;;18783481037
17813780480;18398050304;18038927360;19213914112;18562420736;;18405418598
18549860352;18349252608;18611984384;18801979392;18008360960;;18464287539
18126897152;18880747520;18846855168;20038897664;18495963136;;18877872128
18726647808;18097838080;18553036800;19261708288;18027859968;;18533418189
18653749248;18663008256;18379071488;19843592192;18710677504;;18850019738
18849693696;18985299968;18402496512;18821259264;19029506048;;18817651098
18904324096;18180999168;17337112576;18206429184;18517219328;;18229216870
18294677504;19140052992;18184239104;19157393408;18962272256;;18747727053
17239023616;18846681088;18168530944;19131766784;18950217728;;18467244032
18600675328;19322218496;18552006656;18334629888;17539418112;;18469789696
19409448960;18879123456;18065688576;19686762496;18329462784;;18874097254
16932032512;18184378368;17589860352;18049759232;18496206848;;17850447462
18895394816;17817458688;18945140736;20005822464;18332430336;;18799249408
17975111680;18669905920;18365646848;19961755648;18535563264;;18701596672
19302338560;18745286656;18762958848;18102396928;18683254784;;18719247155
18345046016;18942132224;18595135488;19279415296;18328107008;;18697967206
18358652928;19347961856;18779774976;19080093696;17606451200;;18634586931
17892335616;17654779904;18102575104;19686912000;17541156864;;18175551898
18859894784;18953072640;18811035648;19565275136;18248359936;;18887527629
18805102592;18214922240;19020593152;19607461888;18194288640;;18768473702
18465583104;19317905408;18410747904;18427168768;18541578240;;18632596685
19162066944;17989703680;18355740672;18646532096;15412642816;;17913337242
19127730176;18520455168;19028602880;19019790336;16907145216;;18520744755
18966272000;18668664832;18667792384;18946832384;18146002944;;18679112909
18477543424;18881138688;19413112832;19252258816;18292101120;;18863230976
19289610240;18960201728;17612892160;18709858304;18560712704;;18626655027
18796337152;18663614464;17850191872;17391239168;18195685376;;18179413606
18903939072;18526130176;17938057216;19027728384;17516273664;;18382425702
18460551168;18609684480;18550181888;18921183232;17751212032;;18458562560
18998523904;18152347648;18600857600;18913357824;19095582720;;18752133939
17821276160;18213976064;18894518272;19349268480;18019174400;;18459642675
18466439168;16701205504;18374696960;19082430464;18813030400;;18287560499
16155566080;18782674944;18897784832;18687893504;18967074816;;18298198835
18678349824;19141998592;17706383360;19293505536;17345554432;;18433158349
18738161664;18817880064;19024123904;19257444352;18210070528;;18809536102
19026896896;18616348672;18317131776;18327738368;18052204544;;18468064051
18361356288;18964502528;18005409792;18943195136;18894200832;;18633732915
18620708864;19028133888;17834432512;19383011328;17429374976;;18459132314
18187368448;18612500480;16974776320;18195986432;18871015424;;18168329421
18479865856;17121814528;17039384576;18387185664;19438350336;;18093320192
19535415296;17391482880;18315679744;18525782016;18955390976;;18544750182
19335960576;19097434112;18620465152;18411687936;18412636160;;18775636787
17472059392;18331777024;18297817088;17386833920;19088246784;;18115346842
18516422656;19275610112;17348167680;17661134848;18159448064;;18192156672
17723033600;18295013376;16963786752;18330411008;18010986496;;17864646246
18251001856;18660114432;17969072128;19088791552;17902456832;;18374287360
18880655360;18330091520;17897078784;17396254720;17904517120;;18081719501
18040666112;19013097472;17757083648;17694117888;18008150016;;18102623027
18133702656;19024607232;18557614080;18191902720;18939367424;;18569438822
18894542848;18504652800;18736857088;17686831104;18900758528;;18544728474
19004176384;16789052416;18560892928;18356273152;19028291584;;18347737293
18526414848;18299449344;18179645440;18981976064;18527879168;;18503072973
18164058112;17777543168;17596489728;18939537408;18221533184;;18139832320
18489405440;18338217984;18108983296;17060259840;17937866752;;17986946662
19026522112;18153676800;18381932544;18142263296;17216557056;;18184190362
19028881408;18766170112;18909550592;17866250240;18703050752;;18654780621
19161702400;18630559744;18644322304;18615123968;18424487936;;18695239270
19071799296;17239078912;18704623616;18394871808;18303643648;;18342803456
18053693440;18396608512;18370404352;18457571328;18529839104;;18361623347
19312986112;17951942656;18923997184;18028158976;18684835840;;18580384154
18398111744;18337937408;18378211328;16856112128;16850089984;;17764092518
18214127616;18118400000;18293504000;18152853504;18315214848;;18218819994
18574942208;18273699840;16363659264;17544210432;18851483648;;17921599078
19746621440;19026239488;18067671040;15568474112;17411643392;;17964129894
18780385280;17667629056;18847815680;18827661312;18351437824;;18494985830
18585618432;17254830080;18390077440;18445676544;17934075904;;18122055680
18341185536;18245691392;17393504256;19271346176;18122780672;;18274901606
18948900864;17049907200;18188615680;17206794240;18594721792;;17997787955
18045220864;18801004544;18400417792;18202257408;18811764736;;18452133069
18999279616;17077836800;17881440256;17463093248;16901685248;;17664667034
19099133952;17655470080;18386665472;18819321856;17922129920;;18376544256
18517762048;19105798144;18629287936;17676617728;19075688448;;18601030861
18727899136;18071560192;18751858688;18721171456;18001098752;;18454717645
19168040960;17919711232;17890756608;18472910848;18770733056;;18444430541
18937724928;19016544256;17701922816;18970159104;19052611584;;18735792538
19168258048;18291228672;18410858496;18469376000;17767464960;;18421437235
19087288320;17928144896;18009737216;17823027200;18445690880;;18258777702
19108147200;18733907968;17801142272;17071961088;18374483968;;18217928499
18905366528;18399442944;17752242176;18717853696;18689202176;;18492821504
18145101824;18579314688;18047014912;17485555712;18173313024;;18086060032
16728867840;17748375552;17599127552;18844995584;18255794176;;17835432141
19150065664;18387836928;18419243008;17772883968;18668746752;;18479755264
17520336896;18381305856;18606561280;17245648896;19084703744;;18167711334
19142651904;18178025472;18493671424;17737156608;18693468160;;18448994714
18927063040;18617403392;18396336128;18608287744;18420658176;;18593949696
18327566336;18775592960;17237176320;17242425344;18398920704;;17996336333
18458290176;18866038784;17696960512;17822113792;19163817984;;18401444250
18415532032;18514620416;17741066240;18450984960;19037519872;;18431944704
19334334464;18040168448;18037878784;17611636736;17116847104;;18028173107
18615216128;18637019136;17590331392;17186932736;18384328704;;18082765619
19406522368;17740687360;18814167040;18480613376;18303543296;;18549106688
19656933376;18684899328;17168993280;18177101824;18852184064;;18508022374
18634366976;18945130496;16065382400;18441064448;17585682432;;17934325350
19078651904;17627158528;17647708160;17567977472;18276354048;;18039570022
17987975168;17998434304;18747181056;18603446272;18764802048;;18420367770
18648041472;18720239616;18130614272;17809709056;18275637248;;18316848333
18525779968;17604722688;16826185728;18399268864;18998886400;;18070968730
18656032768;17734098944;16867646464;18517415936;17191698432;;17793378509
18940319744;17998632960;17655095296;18153191424;18852556800;;18319959245
18671478784;16878245888;18310287360;18696099840;18727555072;;18256733389
18064730112;18050551808;17755299840;18077102080;18417115136;;18072959795
17915277312;17490012160;18314455040;18801727488;18258540544;;18156002509
17025762304;18227804160;18615728128;18225002496;18969962496;;18212851917
18156414976;18243014656;18984855552;18007445504;18403606528;;18359067443
17767626752;18888312832;18048256000;17997209600;17573619712;;18055004979
17960390656;18568187904;18371334144;18558638080;18485170176;;18388744192
17887948800;17725229056;18364696576;17888395264;19409631232;;18255180186
18186866688;18394173440;17660303360;18090889216;17768687616;;18020184064
17698998272;18610735104;18677147648;18711756800;19091150848;;18557957734
18808127488;18113349632;18120906752;17016254464;18490576896;;18109843046
18605000704;17279608832;18068772864;18298847232;18771156992;;18204677325
17479421952;16944001024;17544089600;18425442304;18500847616;;17778760499
18077136896;17822857216;16870694912;18241046528;18837293056;;17969805722
17739902976;18117632000;17736192000;18439890944;18510039040;;18108731392
17685803008;18445799424;18454636544;18320820224;18491119616;;18279635763
17772009472;18029504512;18454738944;17770950656;18918408192;;18189122355
18176239616;18423934976;17381072896;18518921216;18684196864;;18236873114
17980803072;18633062400;16700186624;18857848832;18593583104;;18153096806
18201202688;18127122432;18449033216;17337294848;18272385024;;18077407642
18337880064;17546848256;18198775808;18261440512;19525076992;;18374004326
18150275072;17216806912;19004018688;19160629248;18332340224;;18372814029
17307709440;17197244416;18241601536;17812471808;18650511360;;17841907712
18464040960;17896853504;19436034048;18212491264;17837099008;;18369303757
18422953984;17928939520;17592363008;18913032192;18949380096;;18361333760
18135590912;17536851968;18229682176;18310021120;19138564096;;18270142054
18378983424;18627670016;19448586240;18416830464;18865932288;;18747600486
17593872384;17934997504;19268493312;17291839488;18675103744;;18152861286
17930674176;18581209088;17311037440;16685802496;17802272768;;17662199194
17534132224;17965451264;18368466944;18326130688;17252339712;;17889304166
18659663872;18264264704;18628966400;18086875136;17572878336;;18242529690
18376931328;17757241344;18308198400;17118173184;17633853440;;17838879539
17991178240;18194935808;18238562304;17890805760;18740275200;;18211151462
16979457024;18120384512;18434021376;18332422144;18308063232;;18034869658
17503012864;17416040448;17799268352;18818426880;17540890624;;17815527834
17258876928;18584457216;18904983552;17437689856;18578456576;;18152892826
17369899008;18066006016;18916552704;18022729728;18353373184;;18145712128
16913388544;18327214080;19155279872;17868818432;18433095680;;18139559322
17459021824;17206665216;17995364352;18846705664;18565494784;;18014650368
17256781824;18220025856;18447175680;18110425088;17979623424;;18002806374
18181337088;18697183232;17803083776;17663225856;18219378688;;18112841728
17772636160;18450032640;18353061888;18008072192;18273318912;;18171424358
17561640960;17624776704;19068393472;18534701056;18240550912;;18206012621
17533749248;18415177728;18728454144;19223846912;18433339392;;18466913485
17687031808;17773764608;18738759680;18088046592;17975166976;;18052553933
16650376192;17625348096;18539290624;18466369536;17557995520;;17767875994
16250116096;18191667200;18497546240;17994510336;17996752896;;17786118554
17566203904;18933751808;18730991616;18312607744;18381457408;;18385002496
16964757504;18526369792;18324600832;17368770560;16022857728;;17441471283
17604313088;18623848448;18565304320;17591525376;17985763328;;18074150912
18790031360;18377850880;18366334976;17854797824;18325223424;;18342847693
17300926464;17775122432;17523564544;18576408576;18777743360;;17990753075
16955587584;18239451136;18664691712;18138157056;18124673024;;18024512102
17871435776;17860995072;17948039168;18016647168;17722458112;;17883915059
17972123648;18756884480;16646123520;18486753280;16847411200;;17741859226
18016360448;18082590720;18450247680;17496072192;17244600320;;17857974272
17312256000;18206638080;18059292672;18091493376;17720469504;;17878029926
17563269120;18640171008;18708480000;17867247616;17891966976;;18134226944
17166338048;18375368704;18769299456;18847696896;16702650368;;17972270694
18200524800;17370679296;17523232768;17815592960;18581622784;;17898330522
18327822336;18354456576;17104547840;18196445184;17694849024;;17935624192
16995658752;18123681792;18224979968;17794473984;17708185600;;17769396019
17867302912;17297252352;18094280704;18927167488;17806364672;;17998473626
17923573760;18353940480;18044680192;18783578112;16146176000;;17850389709
17135094784;18958565376;16759613440;17984106496;16775436288;;17522563277
17877168128;17923520512;17587542016;18244984832;16248260608;;17576295219
18821894144;18453176320;17457225728;17835735040;17859305472;;18085467341
18633883648;17971144704;18129547264;18692079616;18276102144;;18340551475
18616635392;18464413696;18723192832;17644521472;17474721792;;18184697037
17002511360;18314819584;18107090944;18583947264;17502310400;;17902135910
18473644032;17964625920;18699218944;18482028544;18437718016;;18411447091
18078668800;17447229440;18415388672;18445379584;18068586496;;18091050598
16790704128;17959270400;18515269632;18642415616;18721411072;;18125814170
18432569344;18682982400;17574705152;18727434240;17848440832;;18253226394
17551847424;18600093696;18120669184;18105382912;17781641216;;18031926886
17633568768;17689444352;17707616256;18607405056;18455527424;;18018712371
17896570880;16709403648;18038779904;18250897408;17674135552;;17713957478
17693458432;18372853760;16958348288;17418831872;17770612736;;17642821018
17091493888;18831169536;18200811520;17677144064;16505037824;;17661131366
18260004864;18289729536;17730426880;17549350912;17590906880;;17884083814
17780676608;18183243776;16715249664;18262521856;17566066688;;17701551718
17849143296;16765591552;17207842816;17984798720;17141294080;;17389734093
17737443328;18583853056;18323384320;17017392128;18473525248;;18027119616
17519104000;18551349248;18922526720;16978951168;18112727040;;18016931635
17741215744;17304963072;17449564160;18449258496;17453811712;;17679762637
18148962304;18505347072;18137874432;17106819072;17832361984;;17946272973
17172314112;18617520128;18010501120;16963919872;18298128384;;17812476723
17384583168;18694289408;18651254784;17570969600;17616562176;;17983531827
18259519488;17916721152;18311563264;18279796736;18318186496;;18217157427
17785616384;18516137984;18530000896;17705535488;17989558272;;18105369805
17282424832;18569263104;17331400704;17823096832;17760325632;;17753302221
17717035008;19086209024;18465581056;17805611008;18344404992;;18283768218
18002151424;18732146688;17557389312;17979953152;18133041152;;18080936346
17995476992;18594850816;18265300992;16787047424;18175940608;;17963723366
17983244288;19004104704;17055429632;16753811456;18301663232;;17819650662
18969991168;18652575744;16639069184;18088583168;18441086976;;18158261248
17684623360;18574270464;18249488384;18721828864;18104713216;;18266984858
16905575424;17948440576;17621067776;18144296960;17875148800;;17698905907
18547408896;17790433280;16280920064;18276329472;17418754048;;17662769152
18310160384;19312134144;17210114048;18040111104;17243011072;;18023106150
18051717120;19173113856;18218862592;19113848832;18299731968;;18571454874
17750310912;18413654016;17477347328;17542561792;18746916864;;17986158182
18036963328;17908273152;17498804224;17340207104;17486934016;;17654236365
18206689280;19052978176;17542770688;18914506752;18893064192;;18522001818
18639491072;18996285440;18340673536;16422028288;17890076672;;18057711002
19094396928;18706608128;17168354304;18237458432;17949747200;;18231312998
18350120960;18466009088;18851792896;18346422272;18589753344;;18520819712
17656188928;18074144768;18286249984;18120183808;17316722688;;17890698035
18773602304;18539939840;17331302400;18564362240;18360594432;;18313960243
18491672576;18694199296;17269741568;17640660992;17243553792;;17867965645
18306230272;18953705472;17898311680;17977282560;17379209216;;18102947840
18378196992;18331361280;16993595392;17819987968;17814956032;;17867619533
18769256448;17995931648;17834018816;18644854784;18146711552;;18278154650
18689722368;16988971008;17192740864;18124175360;17675524096;;17734226739
17146722304;18656016384;17886103552;17783091200;17707878400;;17835962368
18065840128;18248218624;17871228928;18506276864;17867409408;;18111794790
18167281664;18349834240;18696171520;17381355520;18244114432;;18167751475
17489002496;18303035392;17534072832;17132327936;18024716288;;17696630989
17555929088;17639094272;18242867200;17337088000;17648977920;;17684791296
18150250496;17795403776;18087114752;18213410816;18082211840;;18065678336
17815416832;17902129152;18305368064;18253922304;17878343680;;18031036006
17302906880;18434672640;17754544128;18467299328;17516232704;;17895131136
18674747392;17085264896;18217871360;18543745024;17781700608;;18060665856
17808353280;17976805376;17859807232;17692596224;17246599168;;17716832256
16248520704;17040658432;18144602112;17541332992;17252513792;;17245525606
18161598464;17492881408;18840719360;18318071808;17562320896;;18075118387
17365458944;17906497536;18471358464;16978717696;17126011904;;17569608909
16791122944;18299826176;17993279488;16182410240;17672658944;;17387859558
17136400384;18348830720;17598736384;18032054272;17955926016;;17814389555
17754468352;18491717632;17026118656;16665994240;17924530176;;17572565811
16760136704;18644750336;18048227328;18243897344;17792354304;;17897873203
17835583488;18141024256;18170945536;18115416064;16640024576;;17780598784
15894487040;17788426240;16187048960;17390544896;16067365888;;16665574605
17919582208;18889052160;18025582592;17828161536;16416807936;;17815837286
16971314176;18280263680;17862488064;17729177600;18123847680;;17793418240
18200920064;17397993472;18227355648;18153551872;16999504896;;17795865190
18128732160;16653740032;17324279808;17743173632;17292070912;;17428399309
18403663872;18082508800;17790341120;17140105216;17351639040;;17753651610
17382891520;17435541504;17834618880;17499238400;17551122432;;17540682547
17102991360;19325136896;18343323648;18383112192;18713776128;;18373668045
18329944064;18624600064;17770117120;18210469888;18448918528;;18276809933
18623309824;18978545664;17179871232;17812400128;17808013312;;18080428032
17796823040;18430294016;16173686784;18259052544;18428317696;;17817634816
18368817152;17570611200;16385855488;18161604608;18088556544;;17715088998
17690834944;19074523136;17410545664;18375249920;17511655424;;18012561818
17840394240;16548012032;17660319744;18027481088;18018496512;;17618940723
16860136448;18697277440;17806036992;17972666368;17437609984;;17754745446
18204217344;18758793216;17140127744;18036408320;17183416320;;17864592589
18041870336;17598040064;17325189120;17963522048;17263056896;;17638335693
18145314816;18006228992;17198678016;17624297472;17573382144;;17709580288
18113312768;17547421696;18366846976;18184118272;17249503232;;17892240589
18185406464;18009667584;17526487040;18570313728;16400509952;;17738476954
17708896256;19044843520;17421877248;17824069632;17403426816;;17880622694
16881235968;17706590208;17778313216;18023933952;16133450752;;17304704819
17247758336;18739814400;16303335424;17753163776;17405290496;;17489872486
17448034304;17464172544;18343206912;17635477504;14675290112;;17113236275
17231638528;18212671488;18495180800;17801666560;17399486464;;17828128768
18726975488;17757358080;17156250624;16948434944;17706835968;;17659171021
18342070272;18655401984;18108198912;17544318976;17798862848;;18089770598
18502809600;17773109248;17231425536;18556170240;18333138944;;18079330714
18559537152;18320748544;18477715456;17765636096;18052286464;;18235184742
16361200640;18051811328;17989087232;18016129024;18262931456;;17736231936
17726210048;17709766656;18631233536;17722628096;18541199360;;18066207539
16950801408;17350068224;18019303424;18327961600;18657941504;;17861215232
17966379008;18073053184;18194532352;17191845888;17498353664;;17784832819
17539733504;18224623616;17896069120;17209147392;17256458240;;17625206374
17268496384;18749843456;17476308992;17428934656;17219862528;;17628689203
17723047936;17024436224;17021014016;17852387328;16042599424;;17132696986
17719906304;18002558976;17544898560;17699006464;17009353728;;17595144806
17164047360;18387017728;18485647360;18239903744;16914040832;;17838131405
18106064896;18089377792;17783607296;18372626432;18064209920;;18083177267
18817640448;18728239104;18085488640;18271209472;18208647168;;18422244966
16749044736;18835306496;18297190400;17343973376;17438552064;;17732813414
17613469696;18758739968;17676402688;18005307392;18050002944;;18020784538
18344333312;17836713984;18303494144;16272091136;18315282432;;17814383002
18558062592;18002219008;16646860800;16885906432;17900619776;;17598733722
17382891520;18778884096;18784671744;17160337408;18381328384;;18097622630
18591152128;18293219328;17683818496;18037854208;17396641792;;18000537190
18772148224;17477429248;18105882624;18511194112;18559080448;;18285146931
18801569792;17209466880;18626514944;18163986432;17800736768;;18120454963
18118408192;18673068032;18682126336;17970618368;16571501568;;18003144499
17052613632;18448521216;17700292608;17512116224;16778789888;;17498466714
17485260800;18741790720;17958828032;17360836608;17418891264;;17793121485
16947697664;17825587200;18326919168;17510862848;17264400384;;17575093453
17918871552;18658945024;18266566656;16685121536;15917066240;;17489314202
18002049024;18562947072;18147676160;17824333824;17091858432;;17925772902
17851688960;17486168064;18349629440;18348298240;17085178880;;17824192717
18805051392;18286442496;16848755712;18302900224;17077364736;;17864102912
17465300992;18104576000;17382492160;17803415552;17283446784;;17607846298
18666231808;17127100416;19142633472;17524557824;16629520384;;17818008781
18575235072;18069299200;18422693888;17310251008;17020748800;;17879645594
18182897664;18214453248;15738206208;18172170240;18428444672;;17747234406
17847668736;17546182656;17149486080;18405425152;18130880512;;17815928627
17489344512;17971519488;16705447936;17548406784;18153742336;;17573692211
17570007040;17361451008;18250821632;18167590912;17108598784;;17691693875
17956786176;17593192448;17944008704;17331687424;17678790656;;17700893082
16652650496;17772572672;17666920448;17887698944;18004795392;;17596927590
18969649152;18402000896;17855072256;17183160320;18605516800;;18203079885
16601237504;19005790208;17689192448;18981421056;18098366464;;18075201536
18089021440;17776791552;17988194304;17812041728;14999182336;;17333046272
18105315328;17628227584;18343143424;18067812352;16105202688;;17649940275
16569147392;18527438848;18139162624;17382914048;17658570752;;17655446733
16928824320;18479265792;18068881408;17395427328;17332359168;;17640951603
17286107136;18349662208;18032971776;18194348032;18932197376;;18159057306
17568073728;16834145280;17993805824;18066241536;18549182464;;17802289766
16812626944;17421144064;17820551168;17230825472;18071875584;;17471404646
17781229568;17592664064;17097066496;17494308864;17355644928;;17464182784
18202241024;17965242368;17920974848;17559015424;18570852352;;18043665203
16972566528;18138099712;17051407360;16763656192;17858209792;;17356787917
17180149760;17411147776;17047920640;18254757888;17609187328;;17500632678
16626956288;18089482240;18784509952;17694015488;17530865664;;17745165926
18132023296;18968674304;17843599360;18256449536;16109766656;;17862102630
18263449600;17872029696;18285428736;17041327104;18268813312;;17946209690
18570055680;16623226880;18628521984;17798987776;17729544192;;17870067302
18318415872;18160629760;17633882112;17467179008;18543005696;;18024622490
18474121216;17885728768;17661239296;17456482304;18355431424;;17966600602
19060072448;17528436736;17885259776;17833027584;17819551744;;18025269658
16914937856;19010674688;16668994560;17810173952;19122763776;;17905508966
17133926400;18601553920;16893005824;18052820992;16669498368;;17470161101
16745977856;17722261504;18381418496;17829109760;18342320128;;17804217549
16887460864;18702592000;17594601472;18382077952;17674047488;;17848155955
17619359744;18148601856;17476702208;17769621504;17769787392;;17756814541
18669930496;17275674624;18313648128;18154559488;18140262400;;18110815027
18152996864;18295132160;18575241216;17813641216;17408116736;;18049025638
18563909632;16683901952;18070394880;17672067072;17271879680;;17652430643
16550336512;18432292864;17104868352;18237872128;18064238592;;17677921690
18187341824;17637423104;17203736576;16093331456;18232799232;;17470926438
18044995584;17753108480;18318276608;17056843776;17773408256;;17789326541
18304759808;18285113344;18317807616;17465858048;18089308160;;18092569395
18021918720;17803806720;18240139264;18102495232;17770225664;;17987717120
18547552256;17925701632;18228865024;16818557952;18523883520;;18008912077
18773354496;17793755136;18803965952;17378908160;17564028928;;18062802534
17865857024;18887391232;17177651200;17815674880;17402779648;;17829870797
18453200896;18317862912;18269362176;17787516928;17649174528;;18095423488
18710085632;18800171008;17065638912;17387386880;18097842176;;18012224922
18741055488;18646036480;17962043392;17342849024;16762756096;;17890948096
17333098496;17709791232;17464676352;17386481664;17552877568;;17489385062
17850044416;17388752896;18197518336;18261647360;18111692800;;17961931162
18800881664;18720868352;17727506432;18065606656;17518178304;;18166608282
17561061376;18287785984;17382279168;17121431552;17758806016;;17622272819
18057533440;19202027520;17044487168;17100705792;17868087296;;17854568243
18789400576;18465542144;17967661056;17628747776;17809240064;;18132118323
17311987712;18508433408;17738311680;17749829632;17792247808;;17820162048
18221109248;18705768448;17819027456;17611888640;18447493120;;18161057382
18724200448;17196486656;17221359616;16503779328;16730416128;;17275248435
19077433344;18185984000;17792063488;17165266944;16922901504;;17828729856
18831886336;17719799808;17571057664;17245016064;18719004672;;18017352909
19094032384;17386876928;18149046272;18541660160;18525933568;;18339509862
19131889664;16673861632;17865480192;16522051584;18577596416;;17754175898
18065539072;18751664128;17072458752;17854072832;17277900800;;17804327117
18426148864;17082914816;18494910464;17011517440;17285611520;;17660220621
17927780352;18007746560;17271996416;17244911616;18167504896;;17723987968
17575059456;16591483904;16556775424;17083921408;18295019520;;17220451942
17271496704;18573379584;17842956288;17854767104;17431361536;;17794792243
18251567104;18671740928;18349185024;17849030656;17688276992;;18161960141
17817231360;18459420672;17534586880;17455075328;18477848576;;17948832563
18042116096;17097469952;18465224704;18007240704;16313264128;;17585063117
17213478912;17999269888;18637723648;16550913024;18649100288;;17810097152
18191314944;17685948416;17972795392;17453449216;17349003264;;17730502246
17148466176;18015686656;17391206400;17334921216;17776091136;;17533274317
17345087488;17932779520;17699348480;17434140672;17798346752;;17641940582
18469023744;18571016192;18411526144;17569986560;17889925120;;18182295552
18632486912;18167447552;17703737344;17742592000;17622376448;;17973728051
17712166912;18436603904;17487253504;17508261888;17779767296;;17784810701
18304978944;17792608256;17886210048;17602209792;17322885120;;17781778432
18541719552;18344505344;17588285440;16563823616;18157821952;;17839231181
18658459648;18117001216;18026897408;17874186240;19060926464;;18347494195
18976948224;17223051264;18613370880;17644021760;18720782336;;18235634893
17574375424;17422483456;18355468288;18350645248;18376855552;;18015965594
17136238592;17319170048;18568998912;17708982272;18347059200;;17816089805
17796837376;17649719296;18108798976;18105720832;18746865664;;18081588429
18230448128;17579399168;18193797120;17128983552;18947274752;;18015980544
18976251904;17774454784;18124431360;17037743104;18723500032;;18127276237
19100178432;17582376960;18531903488;17772382208;18130675712;;18223503360
18394982400;18710736896;18733391872;17972908032;17667149824;;18295833805
18766135296;17469689856;17762525184;17335988224;16986814464;;17664230605
18527115264;17765763072;18135328768;17897027584;17240600576;;17913167053
17470177280;18442229760;18583717888;17856032768;17944338432;;18059299226
18233714688;18031505408;17882195968;17491451904;18303033344;;17988380262
17468567552;18843525120;18484660224;18320685056;18011711488;;18225829888
18708228096;17677787136;17865385984;18461005824;18231844864;;18188850381
17998841856;18947414016;17726074880;16457453568;18293280768;;17884613018
18281734144;17766144000;18643429376;18532851712;18283091968;;18301450240
16945976320;17546874880;17983082496;17648852992;17561620480;;17537281434
16708595712;18853183488;17997344768;17787545600;17329133568;;17735160627
18696265728;18171731968;16582885376;17662222336;17681731584;;17758967398
17041785856;17624774656;18313779200;18492839936;18466193408;;17987874611
17388484608;17767907328;18109681664;18199644160;17631291392;;17819401830
18174853120;17056720896;17553154048;17931843584;17278707712;;17599055872
18112196608;18126997504;18413682688;16990360576;17161926656;;17761032806
18649026560;18212161536;17600868352;16768173056;17687994368;;17783644774
17397422080;17654693888;17144260608;17305966592;18290909184;;17558650470
17190907904;17740728320;17590095872;17905666048;18439202816;;17773320192
17255989248;17414193152;17944627200;18313066496;17275230208;;17640621261
18543132672;16463835136;17253369856;17965658112;18413522944;;17727903744
17487869952;18170529792;18550474752;16979118080;18343737344;;17906345984
16684109824;18331752448;17810290688;18168246272;17321545728;;17663188992
17656211456;17827278848;17128587264;18005094400;18297716736;;17782977741
17846157312;18796804096;19021264896;18067228672;17820545024;;18310400000
17738409984;16928534528;17466210304;17443770368;16570696704;;17229524378
17295329280;17640517632;18905657344;17892194304;18047131648;;17956166042
18105851904;18108336128;18272641024;17761128448;18359064576;;18121404416
17385648128;16701735936;17703020544;17073248256;17721878528;;17317106278
18190880768;18500032512;19328915456;15911384064;18135828480;;18013408256
17223292928;17449281536;17847453696;18226163712;18454571008;;17840152576
17354178560;17988548608;17611716608;17583923200;18153738240;;17738421043
17939040256;17404008448;17539891200;17194532864;17680168960;;17551528346
18426013696;17546067968;18100740096;17367644160;17686671360;;17825427456
17706559488;18271565824;18124625920;16830318592;18222108672;;17831035699
18127073280;17718904832;18754809856;17938331648;17690208256;;18045865574
18108213248;17914122240;18579656704;18214662144;18100443136;;18183419494
17729054720;18273402880;17833918464;18397046784;17143665664;;17875417702
16729299968;17732696064;18509588480;17368233984;18591823872;;17786328474
17068353536;17538947072;18696028160;18127622144;18243256320;;17934841446
17713756160;18997567488;18040395776;17568256000;18597371904;;18183469466
18340136960;17460346880;17587355648;18003023872;18089431040;;17896058880
17755455488;16923319296;18100385792;17731373056;17390565376;;17580219802
17720047616;17877735424;18005835776;18085183488;17097903104;;17757341082
16991631360;18289164288;18388299776;17135365120;17342124032;;17629316915
16280556544;18002094080;18529841152;18000728064;18493472768;;17861338522
17632976896;17569638400;18185777152;17815500800;17565036544;;17753785958
18010857472;17153519616;17965813760;18061555712;18249994240;;17888348160
17730863104;17664628736;18633590784;17192632320;18571597824;;17958662554
17387347968;17575890944;18685181952;18217287680;18169092096;;18006960128
18451595264;18067914752;17417220096;18413850624;17445421056;;17959200358
18248372224;19100753920;18559834112;17138483200;17391032320;;18087695155
18067308544;18200684544;18078853120;17306394624;18608898048;;18052427776
18476378112;16713806848;18069596160;16860322816;17808410624;;17585702912
18452570112;16765238272;17390968832;18408357888;18232440832;;17849915187
18213328896;17563262976;18146203648;18049546240;18680889344;;18130646221
17654743040;17786929152;18903062528;17620271104;17298669568;;17852735078
16711101440;18373285888;17920438272;16819459072;17773555712;;17519568077
18292189184;18654017536;17807861760;17556367360;17957603328;;18053607834
18952386560;17029295104;18498326528;17941121024;18033408000;;18090907443
18432339968;16918158336;18397374464;16584797184;19362643968;;17939062784
18002511872;17407870976;19235803136;17702070272;17924419584;;18054535168
18586695680;18374107136;18574911488;16997735424;18444288000;;18195547546
17739057152;17822552064;17799219200;16985090048;18224936960;;17714171085
17980071936;18132598784;17963747328;18103472128;18240376832;;18084053402
17900423168;18623412224;18577479680;17372422144;18253955072;;18145538458
16845374464;19027990528;17595922432;18010441728;17977266176;;17891399066
17962473472;18268530688;18786578432;17522247680;17315319808;;17971030016
18002143232;18893096960;18799206400;17418029056;17415811072;;18105657344
18290112512;17790935040;17031058432;17900144640;18200797184;;17842609562
17965615104;18689988608;17993553920;17550991360;17686024192;;17977234637
18676729856;18184284160;18181967872;18056429568;17526618112;;18125205914
17406517248;18564620288;18486378496;18130462720;17419980800;;18001591910
18590183424;18738266112;17929740288;18405150720;18245318656;;18381731840
17401249792;17436737536;18790170624;17290692608;17331853312;;17650140774
17155477504;18558257152;18624065536;17620893696;17503977472;;17892534272
17059083264;18011908096;17588871168;17404395520;17960486912;;17604948992
17283397632;18849699840;18363166720;18071545856;18861318144;;18285825638
17048345600;18761273344;18763413504;17057392640;18170251264;;17960135270
17144136704;18248833024;18654203904;17798629376;17831518208;;17935464243
17397352448;18263252992;19067860992;18313646080;18063613952;;18221145293
16965245952;18523531264;17797220352;17530138624;17038280704;;17570883379
17356296192;17646301184;18145525760;17390354432;17188976640;;17545490842
17707192320;17753341952;18967771136;18321793024;18383058944;;18226631475
16565231616;18938904576;18058219520;16828121088;18209902592;;17720075878
18355140608;18570385408;18077159424;18000556032;18028392448;;18206326784
18159683584;18665164800;17895581696;18221387776;17513930752;;18091149722
17988771840;17560363008;17252188160;16144120832;17884012544;;17365891277
17574799360;17432657920;17611552768;18073221120;18195593216;;17777564877
18049077248;18255175680;18200989696;17637793792;16445318144;;17717670912
17452109824;18308837376;17799858176;18517100544;17985710080;;18012723200
17199818752;17823690752;18288386048;17682839552;17252755456;;17649498112
18015205376;18649282560;18706722816;17372030976;17970526208;;18142753587
18162456576;19152801792;17837694976;17831903232;18526001152;;18302171546
17687511040;18919454720;18531788800;17101936640;17153712128;;17878880666
18074230784;18522003456;18206162944;17075118080;18051287040;;17985760461
17178579968;18453809152;18764912640;16604204032;18254399488;;17851181056
17936857088;18205878272;18215432192;17303031808;17153043456;;17762848563
17382852608;17223743488;17855072256;17635497984;18530521088;;17725537485
17789837312;16307303424;17541027840;17552760832;17231108096;;17284407501
17535631360;18795302912;18635194368;18413537280;18436196352;;18363172454
18211923968;17204205568;18761009152;17899153408;16471742464;;17709606912
17495101440;18472269824;16458634240;18281676800;17987532800;;17739043021
17931071488;17614409728;17519370240;18287327232;17816160256;;17833667789
17264060416;17922818048;16310138880;17646700544;18859366400;;17600616858
18206461952;17061895168;16748898304;18631489536;18551592960;;17840067584
17913217024;18364907520;17186660352;17399531520;17296562176;;17632175718
17088719872;18192011264;18746560512;17909690368;18771814400;;18141759283
17165993984;18155067392;17980260352;17769830400;17154057216;;17645041869
18092468224;19010732032;18155429888;17543778304;17481676800;;18056817050
17236875264;17883637760;18125277184;17453873152;18544623616;;17848857395
18141194240;17557975040;17658781696;16583146496;18170791936;;17622377882
17578919936;17536067584;17989423104;17628399616;16173061120;;17381174272
17794162688;18808688640;17072762880;17205178368;17911166976;;17758391910
18121998336;17974792192;17714483200;17148478464;18280374272;;17848025293
18003748864;18329278464;17197195264;18699503616;18015653888;;18049076019
18834966528;17761875968;17312841728;16702891008;18130571264;;17748629299
18504103936;18952759296;16901003264;18491994112;18261782528;;18222328627
18442618880;18342744064;17686843392;18366078976;17871470592;;18141951181
17592477696;18339983360;17702270976;18539747328;18074949632;;18049885798
17445746688;16660599808;16724216832;17458069504;17889705984;;17235667763
18555324416;17502035968;17025392640;18179436544;17580761088;;17768590131
17683732480;18082072576;18481909760;18053853184;18256232448;;18111560090
17996849152;17688299520;16131826688;18135914496;18334906368;;17657559245
16091347968;17921036288;17514354688;17063476224;17914277888;;17300898611
17966446592;18235459584;17643454464;17938372608;18046795776;;17966105805
17756833792;17971351552;16959226880;17896296448;18420824064;;17800906547
17926645760;18984388608;17114992640;17484576768;17361432576;;17774407270
18382106624;18695403520;17816608768;17814683648;18294630400;;18200686592
17136306176;17864792064;18040950784;17042163712;18141704192;;17645183386
17984210944;17457907712;17237237760;17301932032;18410868736;;17678431437
18424918016;17615327232;18477008896;17406492672;17086274560;;17802004275
18122526720;17916682240;17895700480;17911785472;18234552320;;18016249446
16803280896;18599491584;17394202624;18312857600;18249734144;;17871913370
19065466880;17163670528;17299609600;17190969344;17680349184;;17680013107
19301353472;18433955840;17129728000;17495189504;17720469504;;18016139264
18846414848;18912432128;16129898496;16605424640;16907377664;;17480309555
18374948864;17753319424;17020649472;17617172480;18407708672;;17834759782
18466152448;18053122048;17392140288;17601017856;16244369408;;17551360410
17911951360;17286664192;17824393216;18272055296;18147737600;;17888560333
17432942592;18295689216;17387857920;18243973120;17913257984;;17854744166
18119231488;18876250112;18519742464;18240065536;17976270848;;18346312090
18229104640;18049253376;17435830272;18044454912;18119843840;;17975697408
18359924736;17980938240;16895391744;18539141120;17689278464;;17892934861
18480394240;17755672576;17514037248;17345161216;18110691328;;17841191322
17012893696;17977186304;18403579904;18209148928;18617284608;;18044018688
18513934336;18073284608;18275459072;18099924992;16704729088;;17933466419
17904291840;18458404864;17768763392;16922280960;18041763840;;17819100979
17888303104;18187237376;18224041984;17387921408;17703864320;;17878273638
17358028800;17725779968;18642032640;17234247680;18283143168;;17848646451
17690363904;17939353600;17178432512;17030528000;18017480704;;17571231744
18138587136;18111893504;17924677632;18082879488;17354483712;;17922504294
18261424128;18619799552;18202955776;17030484992;16739335168;;17770799923
17609334784;16913395712;17854623744;17855576064;17379848192;;17522555699
18530535424;16827283456;17623687168;18602741760;18182256640;;17953300890
18539534336;18403913728;17833875456;16958156800;18541674496;;18055430963
17906194432;17364520960;17672859648;17549201408;17676756992;;17633906688
18042576896;18400086016;18151833600;17665058816;18238507008;;18099612467
19541385216;18891001856;18175131648;18101741568;17902886912;;18522429440
18827524096;17384374272;17753856000;16943977472;17792628736;;17740472115
18977140736;18079152128;17451907072;17900888064;17220239360;;17925865472
18165704704;17744390144;17573150720;17547292672;17522618368;;17710631322
18573504512;17950236672;18228731904;17514831872;18453741568;;18144209306
