3.18156E+11;3.13721E+11;3.2448E+11;3.41847E+11;2.71426E+11;;3.13926E+11
3.25609E+11;3.09546E+11;3.18738E+11;3.14243E+11;2.93265E+11;;3.1228E+11
3.12261E+11;2.94384E+11;3.25267E+11;2.89188E+11;3.14598E+11;;3.0714E+11
2.95423E+11;2.85037E+11;3.18259E+11;2.92235E+11;2.92294E+11;;2.9665E+11
2.87808E+11;2.91792E+11;2.93676E+11;2.80988E+11;2.98158E+11;;2.90484E+11
2.92975E+11;2.77465E+11;2.68447E+11;2.79361E+11;2.84408E+11;;2.80531E+11
2.9246E+11;2.24196E+11;2.82633E+11;2.74273E+11;2.89914E+11;;2.72695E+11
2.65968E+11;2.58302E+11;2.70932E+11;2.52113E+11;2.65081E+11;;2.62479E+11
2.52465E+11;2.58662E+11;2.41946E+11;2.69598E+11;2.63872E+11;;2.57309E+11
2.62721E+11;2.5399E+11;2.42432E+11;2.61485E+11;2.57341E+11;;2.55594E+11
2.53329E+11;2.41045E+11;2.48307E+11;2.52364E+11;2.57174E+11;;2.50444E+11
2.41145E+11;2.4201E+11;2.43981E+11;2.26362E+11;2.53217E+11;;2.41343E+11
2.36928E+11;2.43722E+11;2.53161E+11;2.25519E+11;2.26853E+11;;2.37236E+11
2.36961E+11;2.26093E+11;2.37751E+11;2.4746E+11;2.39782E+11;;2.37609E+11
2.28677E+11;2.09771E+11;2.28411E+11;2.33043E+11;2.30028E+11;;2.25986E+11
2.1263E+11;2.15198E+11;2.33407E+11;2.25217E+11;2.15354E+11;;2.20361E+11
2.17864E+11;2.11429E+11;2.23624E+11;2.19237E+11;2.23075E+11;;2.19046E+11
2.01281E+11;2.19234E+11;2.06887E+11;2.14423E+11;2.1E+11;;2.10365E+11
2.01531E+11;2.01794E+11;2.12353E+11;2.08193E+11;2.13933E+11;;2.07561E+11
2.04061E+11;1.99171E+11;2.11899E+11;1.91363E+11;2.07529E+11;;2.02805E+11
1.974E+11;1.95097E+11;1.93483E+11;1.87726E+11;1.95343E+11;;1.9381E+11
1.90128E+11;1.81168E+11;1.98619E+11;1.91358E+11;1.80282E+11;;1.88311E+11
1.8045E+11;1.85597E+11;1.84762E+11;1.89447E+11;1.94033E+11;;1.86858E+11
1.84312E+11;1.8648E+11;1.97008E+11;1.75805E+11;1.82934E+11;;1.85308E+11
1.85432E+11;1.80143E+11;1.86209E+11;1.75556E+11;1.75311E+11;;1.8053E+11
1.66756E+11;1.71991E+11;1.75396E+11;1.77561E+11;1.73066E+11;;1.72954E+11
1.68352E+11;1.72614E+11;1.76077E+11;1.67607E+11;1.73006E+11;;1.71531E+11
1.63759E+11;1.6718E+11;1.67186E+11;1.72104E+11;1.58721E+11;;1.6579E+11
1.64213E+11;1.68459E+11;1.63077E+11;1.63208E+11;1.66845E+11;;1.65161E+11
1.60312E+11;1.64754E+11;1.71866E+11;1.62972E+11;1.5503E+11;;1.62987E+11
1.59542E+11;1.56729E+11;1.56377E+11;1.44442E+11;1.61889E+11;;1.55796E+11
1.48563E+11;1.54892E+11;1.54852E+11;1.56262E+11;1.57335E+11;;1.54381E+11
1.47199E+11;1.52931E+11;1.50372E+11;1.49938E+11;1.44199E+11;;1.48928E+11
1.4953E+11;1.45967E+11;1.5128E+11;1.54414E+11;1.38216E+11;;1.47881E+11
1.4326E+11;1.46282E+11;1.41236E+11;1.52205E+11;1.37687E+11;;1.44134E+11
1.42012E+11;1.34335E+11;1.47207E+11;1.39386E+11;1.33532E+11;;1.39294E+11
1.39965E+11;1.39165E+11;1.43246E+11;1.35181E+11;1.41439E+11;;1.39799E+11
1.4093E+11;1.36058E+11;1.40757E+11;1.35708E+11;1.37692E+11;;1.38229E+11
1.37657E+11;1.27874E+11;1.34081E+11;1.34311E+11;1.34368E+11;;1.33658E+11
1.19421E+11;1.32535E+11;1.28071E+11;1.25872E+11;1.26589E+11;;1.26498E+11
1.27438E+11;1.22412E+11;1.33748E+11;1.21626E+11;1.30343E+11;;1.27113E+11
1.26956E+11;1.23478E+11;1.30253E+11;1.22899E+11;1.28437E+11;;1.26404E+11
1.14295E+11;1.23626E+11;1.25664E+11;1.15889E+11;1.23669E+11;;1.20628E+11
1.21288E+11;1.20695E+11;1.27932E+11;1.13637E+11;1.18523E+11;;1.20415E+11
1.13388E+11;1.21223E+11;1.19981E+11;1.06787E+11;1.12124E+11;;1.14701E+11
1.15899E+11;1.13149E+11;1.16994E+11;1.15058E+11;1.08646E+11;;1.13949E+11
1.17177E+11;1.12027E+11;1.13208E+11;1.0886E+11;1.11541E+11;;1.12562E+11
1.13671E+11;1.11543E+11;1.10977E+11;1.09242E+11;1.02308E+11;;1.09548E+11
1.10073E+11;1.0872E+11;1.10977E+11;1.06531E+11;97456136192;;1.06751E+11
1.04567E+11;1.05109E+11;1.11276E+11;1.06681E+11;1.0606E+11;;1.06738E+11
1.05171E+11;1.01603E+11;1.08999E+11;1.07696E+11;1.06169E+11;;1.05928E+11
1.03144E+11;97379500032;1.06458E+11;1.0106E+11;1.0049E+11;;1.01706E+11
97614643200;1.00927E+11;1.00377E+11;99877666816;1.00262E+11;;99811842458
96549158912;93327417344;94993440768;93456785408;94581342208;;94581628928
93942767616;99684581376;96624648192;95071313920;95462752256;;96157212672
96274669568;93236895744;91254964224;94550892544;91758288896;;93415142195
87639760896;88566317056;91339390976;94351810560;92666413056;;90912738509
86188589056;94348468224;94140350464;89425207296;94802149376;;91780952883
90343456768;87011483648;86344409088;89036849152;89784729600;;88504185651
87141507072;84309622784;88569176064;88584396800;84670693376;;86655079219
87693557760;82107981824;86434160640;85839306752;83238002688;;85062601933
80192962560;81457176576;83520135168;85730467840;84283604992;;83036869427
81361510400;82533171200;83047456768;80002334720;78751801344;;81139254886
76899172352;80359776256;81138032640;79776702464;76829016064;;79000539955
78091173888;80288964608;80883302400;74333503488;76016836608;;77922756198
75377082368;78503501824;75597586432;76391636992;76949422080;;76563845939
74916708352;72149590016;74645790720;73110175744;74964754432;;73957403853
73514467328;71548133376;75164991488;74957365248;74509672448;;73938925978
73218940928;72656396288;71430807552;73745039360;70559645696;;72322165965
68738269184;70032646144;72409546752;68140695552;67036495872;;69271530701
69969534976;71747002368;70544793600;66097983488;66556850176;;68983232922
67815870464;68449361920;70471991296;69232394240;66688831488;;68531689882
63060209664;67932626944;67228241920;66201509888;67964792832;;66477476250
64758951936;65838915584;68132876288;66009538560;64903057408;;65928667955
59621552128;66669301760;65082290176;63614676992;62020141056;;63401592422
60672675840;63564992512;65584607232;63632625664;59569475584;;62604875366
60746735616;65700524032;62844030976;61250633728;63342915584;;62776967987
61536034816;60174864384;62921773056;62435520512;62670422016;;61947722957
58276519936;60919975936;62749798400;61873774592;59087794176;;60581572608
56245329920;58318749696;61227868160;59867238400;57485156352;;58628868506
54529507328;58830987264;59539066880;55355772928;54366126080;;56524292096
54032211968;57916235776;56986374144;51397464064;54346657792;;54935788749
54976503808;54133706752;57005117440;51991920640;52846088192;;54190667366
54753726464;55927668736;55380221952;54926049280;54540242944;;55105581875
53915979776;54076792832;55362060288;54808596480;51463143424;;53925314560
53061619712;52127510528;54585933824;54860828672;52154003456;;53357979238
49709658112;51071406080;53221797888;54673596416;52274663424;;52190224384
49087827968;50440110080;48818667520;46619844608;48878063616;;48768902758
48170319872;49525727232;50032058368;48613232640;48254124032;;48919092429
45655281664;49443594240;49252909056;50079932416;48823959552;;48651135386
48226754560;46555402240;47936053248;48579440640;47963467776;;47852223693
44430147584;46175563776;50005123072;46473433088;44123914240;;46241636352
45282889728;47051517952;47927414784;47075311616;44228567040;;46313140224
43191205888;45674967040;47812956160;46534504448;45745045504;;45791735808
43391127552;43552661504;44255223808;46279217152;45018370048;;44499320013
43443699712;42968801280;43402211328;44675194880;41602416640;;43218464768
41328324608;41574555648;43483545600;44286726144;42985984000;;42731827200
42748125184;41026945024;44079443968;43119788032;41569181696;;42508696781
41618636800;41202950144;42269790208;42367315968;40425238528;;41576786330
40563163136;40066584576;40333316096;41814106112;40096641024;;40574762189
39755014144;39413297152;41364541440;39891087360;40577945600;;40200377139
37691752448;39095803904;38977519616;40435073024;40037384192;;39247506637
37023698944;37721419776;40496939008;39877894144;39165124608;;38857015296
37588000768;37119156224;38471200768;38668771328;37216321536;;37812690125
37132587008;36666372096;37519015936;36354736128;36660142080;;36866570650
37439410176;37663928320;36252852224;37266591744;35239292928;;36772415078
35925069824;37108432896;37320781824;36092317696;35470299136;;36383380275
36234240000;36344897536;36418596864;36697366528;33842030592;;35907426304
34737541120;34617647104;36207558656;33143013376;32693637120;;34279879475
34009952256;32867665920;36280864768;33644013568;32644651008;;33889429504
33860212736;33780004864;35392937984;33331968000;33455822848;;33964189286
31076663296;31926740992;33633220608;34463637504;31740907520;;32568233984
31690285056;30515513344;32496640000;32932450304;32604585984;;32047894938
30492956672;30184970240;33288001536;31506132992;30908960768;;31276204442
29986422784;31943413760;31820523520;32099629056;30838206464;;31337639117
29960013824;31060097024;32775825408;31149961216;30519334912;;31093046477
28690821120;31032457216;31694811136;30836240384;29264322560;;30303730483
26600423424;29937704960;30971500544;30153934848;29744689152;;29481650586
28113168384;29392453632;30669137920;29611694080;27698335744;;29096957952
28350146560;28972470272;29684897792;29227976704;27516090368;;28750316339
28762791936;28037558272;29327550464;28790605824;26819749888;;28347651277
27158745088;26517291008;29291954176;27450650624;27596664832;;27603061146
24198457344;27263055872;28222945280;26093488128;26588571648;;26473303654
26482106368;27001997312;28335384576;27138555904;24851640320;;26761936896
26642425856;26216536064;26803974144;27834408960;26044186624;;26708306330
26271553536;25948704768;24980328448;25665910784;25835395072;;25740378522
25073162240;25345185792;24253429760;25524764672;24925229056;;25024354304
24679766016;25811945472;25812584448;24907298816;24930674688;;25228453888
24707973120;22969892864;25866115072;25747810304;24217886720;;24701935616
23910641664;24006119424;25592147968;24358692864;24344688640;;24442458112
24278960128;24004012032;24551786496;24643821568;23400673280;;24175850701
23376711680;23056390144;23450003456;23907606528;23158994944;;23389941350
22203555840;21896679424;24007886848;23271192576;23054770176;;22886816973
22086688768;22621186048;23066810368;23377793024;21847676928;;22600031027
21373233152;22181255168;23698163712;21273200640;21897625600;;22084695654
22002735104;21986306048;22891157504;22578036736;21848311808;;22261309440
21864990720;22045335552;22718603264;21889247232;20666443776;;21836924109
21229064192;20364201984;21912827904;21824262144;20166223872;;21099316019
21230499840;21086707712;21179914240;21644034048;19979687936;;21024168755
20431661056;20989765632;20387837952;20971280384;20306075648;;20617324134
19905359872;19352291328;20589355008;20134656000;20111300608;;20018592563
19994177536;19178985472;19804364800;20213997568;19180335104;;19674372096
19558164480;20119242752;19869093888;20034424832;18330562560;;19582297702
19522902016;19237906432;19559112704;19417692160;18927761408;;19333074944
17790464000;19425026048;19527770112;18899388416;18326163456;;18793762406
18148591616;18831327232;19235399680;19313496064;17998606336;;18705484186
17060524032;17770711040;19048372224;18009405440;17527207936;;17883244134
17721006080;17996849152;18143238144;18121773056;17163171840;;17829207654
17803055104;17860968448;17989011456;17579177984;16944178176;;17635278234
15936112640;17523253248;17970331648;17662205952;17534457856;;17325272269
16876311552;17115249664;17861642240;17364166656;16892921856;;17222058394
17011590144;16367800320;16782866432;16962452480;16320984064;;16689138688
16524897280;16580063232;16578166784;17198301184;15812246528;;16538735002
16080720896;16323296256;16327814144;16884109312;16061529088;;16335493939
16169376768;16229539840;16067579904;16792682496;15455516672;;16142939136
15448718336;15296271360;16615862272;15910966272;15149180928;;15684199834
15079924736;15301547008;16027760640;15701767168;15006585856;;15423517082
15440728064;15392132096;15300783104;15018737664;14183545856;;15067185357
15511629824;15292858368;15796743168;15357792256;14722533376;;15336311398
15264510976;14984083456;15827559424;15028954112;14634548224;;15147931238
14212671488;14556725248;15053537280;14956508160;14255590400;;14607006515
13637411840;14150384640;14854115328;14681170944;14117771264;;14288170803
13935255552;14364040192;14633735168;14530314240;13034755072;;14099620045
13356166144;13353660416;13955889152;14149197824;13381483520;;13639279411
13716022272;13378427904;14439621632;13871643648;12888670208;;13658877133
13124103168;13058844672;13577208832;13779660800;13326101504;;13373183795
13306328064;13135198208;13623049216;13431380992;12981307392;;13295452774
12847518720;12612239360;13190057984;13596806144;12767976448;;13002919731
13197219840;13155145728;13665984512;13028143104;12534957056;;13116290048
12542995456;12851871744;13378800640;12586031104;12429158400;;12757771469
12210138112;12414674944;13141225472;12667676672;12037915648;;12494326170
11978941440;12159621120;12622045184;12442103808;12103361536;;12261214618
12395634688;11627308032;12595496960;12580875264;11712376832;;12182338355
11989586944;12048221184;12302027776;12328763392;11533834240;;12040486707
11679164416;11678242816;11960502272;11978568704;10984672256;;11656230093
11759410176;11870307328;11504162816;12159883264;11384322048;;11735617126
11130010624;11468013568;11637049344;11555953664;11185794048;;11395364250
11045061632;11568054272;11313835008;11706945536;10516584448;;11230096179
11432061952;11119436800;11411599360;11247136768;10505167872;;11143080550
11436873728;10880253952;11272866816;11215643648;10120715264;;10985270682
10824527872;10626749440;11160832000;10987138048;10097498112;;10739349094
10356252672;10878828544;11005907968;10548166656;10167951360;;10591421440
10477054976;10521023488;11082822656;10667086848;10187520000;;10587101594
10534993920;10150816768;11002838016;10590772224;9884266496;;10432737485
10244552704;10465264640;10614157312;10604406784;9715215360;;10328719360
9964273664;9898803200;10335832064;9598353408;9481995264;;9855851520
9714324480;10114480128;9771761664;9807955968;9375734784;;9756851405
9664015360;9950291968;9901544448;10154632192;9051923456;;9744481485
9698631680;9683730432;9842549760;9871388672;9286797312;;9676619571
9484219392;9633832960;9554898944;9162854400;9252282368;;9417617613
9332721664;9490036736;9401440256;9686218752;8805676032;;9343218688
9389424640;9313268736;8612003840;9312778240;8814220288;;9088339149
9109065728;9159703552;9305844736;9226904576;8923750400;;9145053798
8592789504;8798803968;9029188608;8892303360;8598351872;;8782287462
8799485952;8593647616;8990943232;9029378048;8394196992;;8761530368
8747925504;8498339840;8400886784;8611312640;8074459648;;8466584883
8603820032;8687766528;8343962112;8628518912;8307248640;;8514263245
7958848000;8636218368;8493687808;8289991168;8131236352;;8301996339
8283841024;8482269696;8272504320;8590194688;7760940544;;8277950054
8038851584;8240294912;8307979264;8441968128;7959777792;;8197774336
8058896896;8272936448;8173446144;7886033408;7595176960;;7997297971
8036226048;7977472000;8029495296;8019195904;7678437376;;7948165325
7789026304;8098226176;8223554048;8255247872;7169080832;;7907027046
7892335104;7860576768;8038502400;7987202560;7487475712;;7853218509
7672402432;7927212544;7778491904;7630526464;7514220544;;7704570778
7403551232;7668051968;7694681088;7618247680;7167585280;;7510423450
7597541888;7634707456;7622279680;7674000896;7100545024;;7525814989
7474074624;7637154304;7371240448;7450334720;7115697664;;7409700352
7211059200;7552049152;7374470656;7308882432;7024339456;;7294160179
7038115840;7383002112;7514633216;7087751680;6995102208;;7203721011
6894747136;7338033152;7146110976;6836393984;7144577024;;7071972454
6946879488;6891445248;7103366144;7157842432;6621408256;;6944188314
6407788032;7096315392;7050058752;7131388416;6534719488;;6844054016
6381814784;7073546752;7036125184;6904529920;6418710528;;6762945434
6546672128;6898902528;6639024640;6729257472;6323387392;;6627448832
6514560512;6759873024;6869614080;6720142336;6450177536;;6662873498
6593320960;6646301184;6489900544;6616973312;6307034112;;6530706022
6390608384;6582075392;6426588672;6607204352;5991627264;;6399620813
6404029952;6623491072;6393818112;6529037824;6295722496;;6449219891
6260700160;6515442176;6115415040;6605991936;5933998080;;6286309478
6024696832;6409627648;6316498944;6063126528;5955180544;;6153826099
6081001984;6323297280;6232069120;6357118976;5956856832;;6190068838
5912464896;6220971520;6104987136;6034575360;5913360896;;6037271962
5931543040;5799666688;6161948160;6168431104;5806453248;;5973608448
5668362752;6096378880;5986306048;5872459776;5831515648;;5891004621
5826318848;5828842496;5845283840;5933809664;5699414528;;5826733875
5653839872;5891101696;5691095552;5736085504;5606804480;;5715785421
5612084224;5913203712;5846738944;5728880640;5671400448;;5754461594
5577217536;5892329984;5578466304;5321550336;5384469504;;5550806733
5574950400;5448826880;5629856768;5601735168;5296512512;;5510376346
5382443008;5438276096;5625150976;5502457856;5318285312;;5453322650
5274214912;5421619200;5492337664;5529607680;5272843264;;5398124544
5256508928;5480274944;5408118272;5331757568;5277959680;;5350923878
5263987200;5261767680;5318392320;5266073088;4930530816;;5208150221
4928325632;5450641920;5294217216;5351821824;5077008384;;5220402995
5216866304;5296241664;5261548032;5151392256;5104786432;;5206166938
5148327936;5053444096;5025673728;4952600576;4840799232;;5004169114
4948637696;4893879808;5172807680;5042141696;4698305024;;4951154381
4720049664;4975825920;4863090688;4924557312;4897337856;;4876172288
4932876800;4770304000;4912237056;4688325120;4494424576;;4759633510
4907732992;4943567872;4902758912;4921986048;4776010752;;4890411315
4948979712;4809707520;4779829760;4834791936;4843024384;;4843266662
4724542464;4834385408;4671650816;4803841024;4565931520;;4720070246
4566804992;4696707072;4695551488;4626887168;4567451648;;4630680474
4667724800;4705929216;4502931968;4676615680;4674982912;;4645636915
4611840512;4625749504;4445041664;4578929152;4110220032;;4474356173
4656329728;4471796224;4423694848;4529981440;4479797248;;4512319898
4573757440;4635215872;4407770112;4437043712;4471245312;;4505006490
4417676800;4498230272;4212932864;4205789440;4275236608;;4321973197
4371241472;4459333120;4353770496;4394547712;4256505344;;4367079629
4409905152;4481404416;4339094016;4125850880;4253576192;;4321966131
4105743104;4381193216;4223367424;4162488320;4086662144;;4191890842
4245814784;4101839616;4201341440;4024030464;4214991872;;4157603635
4203181056;4342641664;4200852736;4155161344;4105322496;;4201431859
4208758784;4316938240;4066302208;3892364544;3993415936;;4095555942
4190514176;4262411264;4130250752;4010136576;4109821952;;4140626944
4057918720;4236790784;4002482944;3987794944;4025484032;;4062094285
3975502080;4171618304;4009010944;3815475200;4016680960;;3997657498
3751717632;4110466048;3980763392;3876324096;3969026816;;3937659597
3990404608;3933720832;3936309504;3945317888;3931331840;;3947416934
3924908288;4034580992;3813276928;3804961536;3948344576;;3905214464
3789085184;3807033344;3914271744;3836525568;3886475776;;3846678323
3811528704;3718753536;3822148864;3635426560;3850178048;;3767607142
3689286912;3905863680;3793922304;3749876224;3770683392;;3781926502
3809357568;3795506432;3723397888;3694088960;3684774400;;3741425050
3724667904;3698795264;3587363328;3634603008;3686593280;;3666404557
3624037632;3680013312;3634233088;3655167744;3708166912;;3660323738
3606151424;3707222272;3538795520;3612826368;3647525888;;3622504294
3481705472;3623196416;3571275008;3528171008;3584460288;;3557761638
3548435968;3562484736;3553828096;3508508416;3634665472;;3561584538
3542761984;3594192896;3483836416;3488307456;3604436224;;3542706995
3505073152;3583478272;3408175104;3359570944;3573146880;;3485888870
3316519936;3632737024;3361812224;3286334720;3562778112;;3432036403
3339832832;3514434304;3227538688;3439109376;3479666688;;3400116378
3431030784;3558942464;3387156992;3334120192;3235179776;;3389286042
3343416576;3448086272;3397547520;3386586368;3424321536;;3399991654
3223155456;3344930560;3318935040;3253195264;3431520768;;3314347418
3242814464;3440308224;3237733376;3221272832;3383830784;;3305191936
3188389632;3378164480;3263993600;3144589056;3308963584;;3256820070
3289384448;3450764288;3281032704;3134683136;3213998592;;3273972634
3163508224;3375802368;3206887680;3048542464;3182520320;;3195452211
3156524288;3237672448;3130805248;3190288128;3226123776;;3188282778
3151495168;3339424768;3136270592;3024784896;3184242688;;3167243622
3044017664;3195526144;3105897728;2957601536;3133587456;;3087326106
3090016768;3244814848;3007868160;3114836480;3099795456;;3111466342
3071297792;3132686592;2948980992;2963645696;3033468416;;3030015898
3055243776;3176849152;2826917888;3025708032;3070077184;;3030959206
2945894912;3080353280;2951260160;2986514176;3027826432;;2998369792
2986432768;2993154816;2895354880;2994383104;3001373952;;2974139904
2901074944;3047919872;2889819136;2949535232;2935293440;;2944728525
2917288704;3038764288;2900149760;2934597888;2802682112;;2918696550
2943603712;3104016640;2880983040;2876030720;2961067776;;2953140378
2901381632;3059216128;2814643712;2810563328;2751113984;;2867383757
2890264576;3021309440;2900946944;2871905024;2751855104;;2887256218
2785485568;2991358976;2801725696;2845290496;2912342272;;2867240602
2857678080;3000777728;2717064192;2837161728;2852316928;;2852999731
2850409472;2914213120;2726618880;2790627328;2684537600;;2793281280
2822713088;2823501312;2664127488;2808515840;2698168832;;2763405312
2742810368;2880492544;2726812160;2661254144;2738802432;;2750034330
2662081024;2875261952;2701721856;2655802112;2657428224;;2710459034
2624146176;2869121536;2607799040;2693990656;2674946048;;2694000691
2684722688;2871956224;2676838400;2683684864;2651347456;;2713709926
2674528512;2781569280;2578427392;2649228288;2667252736;;2670201242
2631418112;2860057600;2612519168;2677022720;2593729536;;2674949427
2604349440;2737494272;2543173632;2589346048;2565525248;;2607977728
2607021568;2744657920;2538342912;2642070528;2635122176;;2633443021
2521144320;2703916544;2523869184;2586196224;2508304128;;2568686080
2592261888;2747469824;2481697280;2536201984;2481010944;;2567728384
2543698688;2708444928;2449663232;2519481600;2544876544;;2553232998
2521022720;2681756928;2511909376;2512804096;2414504704;;2528399565
2518588672;2696530176;2497785088;2462700288;2560969728;;2547314790
2443229184;2635784704;2486809344;2464206848;2544814848;;2514968986
2523379968;2613322240;2361723648;2451803904;2476329216;;2485311795
2413357056;2599336192;2420338176;2458814208;2333231872;;2445015501
2449971968;2626743808;2413921024;2398208768;2477048064;;2473178726
2419901440;2525892352;2383520512;2413448448;2479262464;;2444405043
2493351936;2476272384;2309381632;2370612224;2408896768;;2411702989
2488509440;2515195904;2318990336;2335349504;2298091008;;2391227238
2468854272;2434001152;2348777984;2340443392;2341369600;;2386689280
2390263552;2415987456;2224233472;2371024384;2268242176;;2333950208
2382407168;2404882176;2262455296;2319392256;2323517184;;2338530816
2313143040;2478328832;2234338816;2255112192;2285929216;;2313370419
2344625152;2382026240;2182486016;2258425856;2256078336;;2284728320
2317810944;2389918208;2280145152;2254524160;2343306240;;2317140941
2336378368;2322592256;2196888576;2188244480;2282567936;;2265334323
2310243840;2272382720;2195162624;2222449152;2313256192;;2262698906
2310954496;2322086144;2152560896;2179162112;2231630848;;2239278899
2262188032;2325826048;2197353216;2154327296;2269479424;;2241834803
2267622656;2314934016;2144759552;2177757696;2209822464;;2222979277
2249621760;2277904384;2160164608;2229703424;2213420288;;2226162893
2245574656;2263310080;2204214016;2217844480;2216504576;;2229489562
2176659200;2245724160;2110723840;2123121152;2054955520;;2142236774
2169942272;2219651072;2129797632;2112730368;2157366528;;2157897574
2173766912;2203309056;2104227200;2126916992;2141123712;;2149868774
2181451520;2190360320;2095345792;2143926528;2086694656;;2139555763
2084311296;2121711744;2099049856;2109431296;2062187136;;2095338266
2121668864;2174285568;2077479040;2053682048;1970560768;;2079535258
2106384000;2074581376;2018224384;2042246656;1945126400;;2037312563
2044430080;2152982272;2035682944;2080566912;1941542272;;2051040896
1995971584;2055742592;2067257600;2046740992;1998825728;;2032907699
2016291200;2148713984;1960178176;1929950464;2026147456;;2016256256
2048791296;2068163072;2016265088;1948232576;2020472960;;2020384998
2064631424;2113457792;2006060288;2034831232;2022637184;;2048323584
2048414592;2088079360;2022348416;1928437504;1967520512;;2010960077
2031812864;2091860480;1997286656;1942584320;1991194368;;2010947738
2012511360;2027230976;2004730880;1913402752;1966183936;;1984811981
2001833472;2057866368;1983460480;1971622400;1950380032;;1993032550
1971954176;2050509184;1987110016;1947366784;1941015424;;1979591117
1955659392;1961172992;1995996928;1934454016;1965881600;;1962632986
1981524352;2017437824;1919871616;1865706496;1906260992;;1938160256
1952510208;2000054528;2004130304;1915090432;1953680128;;1965093120
1943915904;1901679488;1938920576;1915044864;1819607040;;1903833574
1966251136;1922027008;1943290496;1850220800;1774082816;;1891174451
1947096576;1908385536;1880953728;1865361792;1856335232;;1891626573
1881968000;1905403776;1812347008;1840254848;1877412736;;1863477274
1867054336;1909374464;1817167744;1871605120;1863716352;;1865783603
1827287424;1890001408;1948116736;1808772992;1814555776;;1857746867
1895636096;1833510912;1879486336;1826114304;1823387136;;1851626957
1869206912;1898870528;1850996224;1776022656;1821302912;;1843279846
1871111424;1869989632;1874776448;1741817472;1770502656;;1825639526
1767759360;1882609536;1855341696;1783494912;1733930752;;1804627251
1869257600;1846410240;1806615680;1791641344;1750567552;;1812898483
1826073984;1843875584;1834701696;1758239488;1722558592;;1797089869
1821070592;1834594304;1779563904;1773139840;1779664640;;1797606656
1818219520;1826423936;1808327296;1724281728;1742984960;;1784047488
1740976640;1811844480;1742803200;1791274624;1748516096;;1767083008
1783418368;1799630848;1804916992;1729492864;1736253184;;1770742451
1748111232;1729380608;1781490688;1733762944;1724599808;;1743469056
1768049792;1824609920;1731197952;1714554624;1647778688;;1737238195
1784069376;1785637632;1740409472;1706251264;1688728704;;1741019290
1732436352;1721893120;1722818816;1720939776;1676803712;;1714978355
1706554624;1763584768;1730396544;1654227200;1621827328;;1695318093
1748932608;1722818560;1728937344;1644733440;1631017600;;1695287910
1741339648;1759104384;1729538176;1682549760;1672984832;;1717103360
1681169280;1700085888;1695033216;1632856832;1621434752;;1666115994
1696544128;1726609152;1704561280;1697121920;1622158848;;1689399066
1682622592;1703162752;1672878464;1664731136;1572436864;;1659166362
1657035904;1693813888;1620343040;1640285952;1617159296;;1645727616
1676529536;1715158144;1666574848;1596257664;1585917184;;1648087475
1691944320;1709368704;1644670848;1614743552;1516960768;;1635537638
1679171712;1719481984;1648534400;1612029184;1560888832;;1644021222
1668088192;1704941312;1618524032;1560962688;1593509120;;1629205069
1669988096;1699892352;1647994112;1597721088;1578183936;;1638755917
1652111232;1715688576;1603818880;1530025216;1578313600;;1615991501
1652864000;1719505280;1621580800;1566512768;1531472128;;1618386995
1685315200;1683146240;1596146944;1550626816;1563215872;;1615690214
1655520896;1649456384;1576178688;1535862912;1524785152;;1588360806
1633437824;1653523072;1573721984;1554733440;1508094336;;1584702131
1652071808;1683952256;1541372800;1559124736;1540290176;;1595362355
1637207296;1632110208;1555235328;1494232192;1458393472;;1555435699
1618558464;1681980928;1535879296;1546236544;1493941120;;1575319270
1603048832;1632562560;1536068608;1552729216;1442786176;;1553439078
1574666880;1617442688;1513601920;1489673472;1503400576;;1539757107
1594927104;1637990144;1434997504;1490564992;1510116992;;1533719347
1565677568;1617708288;1493805824;1501759360;1474945024;;1530779213
1565901568;1609215104;1475195648;1452475136;1475105536;;1515578598
1568557952;1623513216;1485415936;1468757760;1486406144;;1526530202
1563160192;1617779456;1508105344;1472714112;1432706432;;1518893107
1587216384;1598163712;1517248768;1474903552;1442269312;;1523960346
1539631872;1558588032;1474768256;1492974976;1468434688;;1506879565
1509182208;1548676480;1458662144;1438626048;1464187264;;1483866829
1560857984;1583169280;1419507840;1454399872;1396958592;;1482978714
1519333120;1492876928;1445826944;1435862912;1437094016;;1466198784
1528141952;1580039552;1453294080;1446425600;1453762176;;1492332672
1486343296;1578662144;1456612736;1423982976;1434254208;;1475971072
1479891328;1536674432;1390606080;1425249664;1436376192;;1453759539
1515894656;1546948352;1458061568;1405232384;1412711296;;1467769651
1477605760;1535266560;1408055296;1437561088;1435186688;;1458735078
1483361408;1500439680;1429844480;1432001408;1372776832;;1443684762
1467927808;1518825216;1377091840;1422649344;1410529280;;1439404698
1423625216;1514097024;1348188032;1394371840;1396417280;;1415339878
1443170048;1541464320;1376198272;1396409728;1393004928;;1430049459
1455765120;1497507200;1374068352;1372783104;1384483200;;1416921395
1433962496;1513160704;1393112448;1365565696;1368769280;;1414914125
1439051008;1518178688;1405184640;1329648384;1381602560;;1414733056
1416411392;1509213824;1393551744;1374676992;1382149376;;1415200666
1343900672;1497681408;1404041856;1328403456;1371210496;;1389047578
1412256384;1485618816;1355764224;1320590848;1370203392;;1388886733
1429919616;1445028224;1380507392;1374529664;1345445120;;1395086003
1383399552;1420516096;1284721152;1393344512;1342327552;;1364861773
1404684544;1463760896;1304155008;1336139392;1354503808;;1372648730
1397912832;1396957696;1271655296;1311308032;1292582528;;1334083277
1398393600;1444299264;1319103360;1294197760;1319916672;;1355182131
1379364992;1390431744;1314231424;1327515392;1339124224;;1350133555
1384075776;1433431168;1296459648;1322546944;1309502976;;1349203302
1400517248;1446349184;1309152768;1337877120;1318277760;;1362434816
1404768512;1400631680;1279753088;1335631488;1331473280;;1350451610
1326125824;1378465792;1296700672;1326063488;1340825216;;1333636198
1348033024;1374591232;1295763072;1312482048;1333515008;;1332876877
1384540160;1399223680;1293721216;1308742016;1283765248;;1333998464
1383963648;1412757248;1263318656;1260553600;1308801280;;1325878886
1348409088;1394816768;1280567040;1281520128;1276067712;;1316276147
1341855616;1393424768;1263116032;1280060800;1286726272;;1313036698
1324286208;1373335680;1285236992;1283147904;1310874240;;1315376205
1314123392;1346623616;1281517696;1279707392;1267301760;;1297854771
1327043200;1345146624;1265887488;1212996096;1283869056;;1286988493
1297182208;1293797120;1241041408;1234587648;1304565888;;1274234854
1341423744;1300441472;1253177600;1246451072;1269784832;;1282255744
1295421312;1350861056;1245193728;1266439040;1249586176;;1281500262
1340644608;1359535872;1261514496;1275467136;1252462080;;1297924838
1300689024;1293936256;1244813056;1270769408;1254873088;;1273016166
1295826432;1322112128;1215891200;1235758336;1279809792;;1269879578
1269994752;1345516672;1199156736;1237272832;1267043072;;1263796813
1298045824;1287882496;1209093120;1240802432;1255763968;;1258317568
1294390272;1285162624;1180641536;1251900800;1257108736;;1253840794
1252912896;1282905600;1176944384;1263669888;1259944320;;1247275418
1297482368;1274232192;1175279616;1245083392;1243929344;;1247201382
1275521664;1326457472;1180171264;1238267264;1268519808;;1257787494
1293017216;1293559680;1187158272;1229531136;1249995264;;1250652314
1261914368;1309950464;1180822656;1210268032;1223615232;;1237314150
1241628544;1260712576;1170341376;1223140608;1206261632;;1220416947
1266200832;1241582208;1186411392;1181490688;1244481664;;1224033357
1246896512;1243856768;1160684800;1231845120;1227453440;;1222147328
1242175104;1262146176;1153939968;1196725632;1221410944;;1215279565
1262511360;1277197440;1176808576;1200687104;1165366912;;1216514278
1247857664;1207795584;1134163840;1215769216;1166036736;;1194324608
1206107264;1252962048;1159023872;1189607808;1174978432;;1196535885
1241561856;1255863808;1131360384;1145867520;1195478400;;1194026394
1236933888;1248455680;1131540736;1186847360;1190208128;;1198797158
1218138880;1226250624;1132432128;1182621184;1186661120;;1189220787
1222475136;1204983808;1132342784;1187056256;1192531712;;1187877939
1205601408;1229820032;1119878016;1171945216;1182241920;;1181897318
1209884672;1202971776;1127976576;1132801024;1085293824;;1151785574
1219582720;1194806528;1124373120;1202126464;1132320768;;1174641920
1201952128;1192890240;1128387840;1146746624;1167466880;;1167488742
1192627840;1203266560;1122056960;1182247040;1189780096;;1177995699
1207576576;1202281344;1098195072;1162944640;1175150464;;1169229619
1210992384;1202354176;1091590400;1167046528;1173071232;;1169010944
1181820160;1165777920;1097877248;1167580672;1165705600;;1155752320
1194980992;1191506048;1094748544;1161790464;1154935680;;1159592346
1175603712;1180221824;1110215552;1122761728;1161784320;;1150117427
1185935872;1148631936;1053960256;1125197184;1163004160;;1135345882
1181901696;1127976960;1072673920;1167686528;1173735680;;1144794957
1152567168;1159978240;1058217600;1151616256;1149052544;;1134286362
1163119488;1167156480;1045809088;1149567872;1112702848;;1127671155
1178356608;1170984064;1056833856;1156334464;1130339584;;1138569715
1141821184;1138691200;1048861056;1155610624;1140325504;;1125061914
1173119104;1153547648;1043294208;1125095168;1127350400;;1124481306
1148059392;1139671168;1054810752;1143087488;1149453696;;1127016499
1147988608;1168330368;1032550464;1127906944;1101660288;;1115687334
1145784448;1160482688;1005094144;1151963520;1120435712;;1116752102
1148335232;1135497728;1014114752;1097390208;1090170496;;1097101683
1150738432;1105840256;1050334592;1109394688;1114228480;;1106107290
1160648832;1138663040;1032039424;1106688256;1118987904;;1111405491
1149347840;1145916416;1030920960;1110040704;1107312256;;1108707635
1150344064;1108776576;1011406528;1115547904;1103093248;;1097833664
1134411776;1139505536;1025371584;1132776832;1086232192;;1103659584
1147200512;1145085952;998872576;1078002816;1106043648;;1095041101
1158253312;1119081088;1006801216;1091726592;1103193344;;1095811110
1137412352;1119832576;1018891904;1082360960;1067702336;;1085240026
1099681536;1138424576;994114816;1103527680;1065872448;;1080324211
1103194112;1126289792;1003055616;1055917120;1090510336;;1075793395
1122227840;1110440064;1008272704;1075143680;1056464384;;1074509734
1137573632;1104215040;978725184;1070861696;1089853952;;1076245901
1120668416;1101355008;993261504;1069020416;1036038592;;1064068787
1131398784;1132962688;993269504;1092431232;1077451520;;1085502746
1120685056;1107729024;996061888;1098469248;1093871616;;1083363366
1107742976;1109357568;996340800;1051587904;1074417280;;1067889306
1110519040;1094253824;997256192;1097241856;1074766080;;1074807398
1120527744;1116859392;976163136;1074654976;1031789056;;1063998861
1093743104;1108621184;985604864;1043662528;1066020096;;1059530355
1097216128;1079158784;968335232;1048288704;1036506176;;1045901005
1068689344;1052577920;947098496;1068341632;1016400768;;1030621632
1089665280;1094135040;969558464;1077319424;1018316288;;1049798899
1083272192;1072809600;983047680;1060353024;1036412096;;1047178918
1097769088;1085312512;985847936;1047631104;1046543936;;1052620915
1073873408;1056278272;978777280;1009409472;1045999424;;1032867571
1087050624;1098621184;975014144;1009977216;1051056960;;1044344026
1057671360;1098325120;968003648;1049090944;1044936000;;1043605414
1044363840;1083633536;935635712;1030397632;1036318336;;1026069811
1072242240;1066935040;915890368;1060007744;1027681856;;1028551450
1039316480;1058756032;949572160;1012195136;1034113984;;1018790758
1044264512;1069356672;939685312;1039169728;1026359616;;1023767168
1066146944;1082585472;950363392;1041602112;1032662016;;1034671987
1030829632;1080873216;942447296;1025923072;1031316160;;1022277875
1040338176;1064267328;934070272;1009480768;1031012160;;1015833741
1050070592;1087345280;911659712;1033188480;1030703360;;1022593485
1038021568;1071416192;932841472;1024150080;1015023424;;1016290547
1016061568;1064985280;938385600;1017963648;999273152;;1007333850
1047232576;1069808320;929656064;1006320832;992015168;;1009006592
1033940608;1042264832;929624512;1028235968;1013494208;;1009512026
1039765888;1083665792;924093952;1013399360;1011763264;;1014537651
1006113408;1050453568;917995136;1025530048;1021273728;;1004273178
1026312256;1048151168;921533952;998396864;1008321600;;1000543168
1005744576;1019849728;898736576;1021948544;993665344;;987988953.6
1023748800;1033229440;913989504;992704000;994822592;;991698867.2
1013477952;1050980736;919979776;1001272960;989055744;;994953433.6
1013670464;1008973120;886509312;1006929152;1008374464;;984891302.4
1017610880;1040338432;891583424;995849024;1013284672;;991733286.4
992581376;993611456;915393664;1000588352;1003540544;;981143078.4
1000983808;1028098688;904391488;982838656;985608000;;980384128
1005119936;1038794816;895677120;1008450048;985780544;;986764492.8
1014799424;1036870208;890592512;1005164288;972556224;;983996531.2
998325696;1005313344;892704512;970284672;972266624;;967778969.6
996988928;1011593088;881850560;983618304;943713984;;963552972.8
1003009152;1007542080;892775040;964025088;978989760;;969268224
977629376;990898240;896651264;936089472;979266688;;956107008
978503744;1013367488;870647872;980205888;958844224;;960313843.2
986965888;1008949952;894313600;944603136;976504000;;962267315.2
1000121088;1020535040;897088064;962890560;968919168;;969910784
978024512;1004539584;864989184;942146688;979489984;;953837990.4
981210368;1013324672;887054720;960904256;954321280;;959363059.2
990543936;995522048;872841792;936289280;948761856;;948791782.4
965945408;998722688;850437888;959249280;948497856;;944570624
958718656;994714048;850661760;937481984;960445440;;940404377.6
963671424;986335616;862965952;939682368;962415488;;943014169.6
958229120;982925184;869804160;922114048;962341248;;939082752
963478272;986890944;856978496;910090304;971582272;;937804057.6
970861824;971296384;845034944;926349376;954231744;;933554854.4
970421952;963692608;862919360;945250816;954133888;;939283724.8
964599168;968407616;850868544;940851904;934171200;;931779686.4
930267904;987962688;859805696;919113856;953536256;;930137280
960080704;969053376;837827520;935547392;941584896;;928818777.6
959270592;969178560;859813312;907464448;947917120;;928728806.4
957300096;936368320;852417088;925741568;924545472;;919274508.8
950155840;959241792;838536064;930134976;897527424;;915119219.2
938579200;963657280;846681088;924299584;930933696;;920830169.6
918281344;965250112;864914688;920489664;921522816;;918091724.8
940609664;945916928;858927168;930505728;910498752;;917291648
956761792;951175360;856467712;912619456;895198400;;914444544
930548608;971475648;850727744;914560000;931042944;;919670988.8
941369984;952699328;840988416;920437248;921589888;;915416972.8
929891648;939010304;844665856;909371392;898169536;;904221747.2
945447808;966011392;846766592;899719936;893929024;;910374950.4
896430208;934070208;837937536;899899968;910434112;;895754406.4
908057600;952762432;850588544;904097728;923609152;;907823091.2
916947712;927348160;839049152;900496128;878113088;;892390848
934001280;911304128;849391936;890065536;907835968;;898519769.6
880463232;912929408;831629312;888357504;889717440;;880619379.2
883469504;939550400;835329280;889845248;866766720;;882992230.4
928553536;940519744;813366848;874705024;889122688;;889253568
916971712;911406912;840738432;872557632;879776832;;884290304
930065792;932843072;831257408;845045696;893079488;;886458291.2
905814464;907117888;846093376;846894528;888294784;;878843008
900526080;889047744;826703936;878700480;882740736;;875543795.2
905867520;907908224;819155008;879990528;896744576;;881933171.2
896973632;900574080;831451456;876715968;867987840;;874740595.2
897495424;929048000;827468224;863260224;891351424;;881724659.2
898590080;911237056;817381056;851247232;879025792;;871496243.2
885382016;906590912;826902528;862356032;895614784;;875369254.4
876582144;899575040;815102208;843431872;873084160;;861555084.8
879171264;899727680;817965568;849511360;897558272;;868786828.8
894416640;906326976;809806720;861458752;883075904;;871016998.4
899171072;905070272;803473920;865509568;890815744;;872808115.2
864475712;885851968;817441792;843872128;874252672;;857178854.4
865281984;872028800;820165888;842184448;883555648;;856643353.6
877193856;903415232;791414464;853070784;874560832;;859931033.6
883322880;880457280;798631296;821849344;885797696;;854011699.2
858264000;882562368;795657600;837970944;861689344;;847228851.2
872676224;885792320;806335744;847579392;844968768;;851470489.6
863261056;848844096;804999232;833124736;868797120;;843805248
850818624;876193472;807481792;830835840;880724672;;849210880
825044416;869687296;819424064;827489920;865938624;;841516864
869986624;882275136;805336000;821703296;854264768;;846713164.8
865228224;843573184;814435712;830648512;856960640;;842169254.4
850065088;871221760;806011968;819568000;850308800;;839435123.2
875915392;848403648;796974464;819546304;861878976;;840543756.8
843440128;853193408;815732864;837650368;858115392;;841626432
857023040;847165504;792611712;832649600;839587520;;833807475.2
832442496;847967936;804116736;847571392;845822656;;835584243.2
857486976;841939520;800585088;819311808;850080448;;833880768
843907456;845339648;799940736;832844416;838409408;;832088332.8
834948928;845130368;792902144;834145536;821499200;;825725235.2
847407360;853509568;801450688;831148992;826705088;;832044339.2
834386304;852569152;790365888;815617984;855892736;;829766412.8
851708416;846629696;803960192;820137792;831991296;;830885478.4
852430720;849168832;777376576;831679104;836958144;;829522675.2
850228672;844810432;788149312;825718336;848637696;;831508889.6
827378368;835446464;793453568;792801344;831580928;;816132134.4
842529280;827551168;785037760;820619136;833224064;;821792281.6
839000256;836846848;793812736;797800640;815202304;;816532556.8
846598848;847316416;772175424;810009216;834911488;;822202278.4
844170112;841276416;780057728;804963648;823165184;;818726617.6
856282432;829778752;789920640;815248192;823380160;;822922035.2
847826240;824275008;778212096;793296704;822170752;;813156160
848687232;791375296;792531840;788759936;818906496;;808052160
856420480;830844352;782014016;792717440;837153792;;819830016
813349312;825353024;772007104;787699648;831525696;;805986956.8
825896896;817902528;775357376;787363008;818022080;;804908377.6
829613632;828421952;775333120;782819968;827141056;;808665945.6
830408448;818775744;776090880;756657792;815716544;;799529881.6
826621696;824339136;782672576;754951168;825187072;;802754329.6
822550848;811276608;781240256;786644736;797163200;;799775129.6
837483904;806897344;755890240;783323328;828886656;;802496294.4
809672256;821053632;770358912;775253568;819829696;;799233612.8
821206976;798001728;773522560;783129536;826150848;;800402329.6
819715200;806040768;754556480;772619840;819521792;;794490816
830724736;802014016;770481344;773120000;815463232;;798360665.6
827995328;789127616;750775424;779164992;809196864;;791252044.8
838045568;787002944;732583232;756650368;815275200;;785911462.4
823063168;811871040;772211392;772380800;807131520;;797331584
839473280;813848512;761976896;771461888;821749888;;801702092.8
808981440;803241280;784878976;754285312;815163264;;793310054.4
826547712;817631424;769401792;776670016;795321280;;797114444.8
823954944;791139136;759174912;752459648;799344832;;785214694.4
815609152;809698176;754335104;765058880;807675840;;790475430.4
817191296;809711808;774172928;753397248;785459072;;787986470.4
819035520;796747712;764312704;759565888;798739072;;787680179.2
805124928;795613120;759240384;755951232;800294272;;783244787.2
809187712;793222208;759786624;755964864;797339584;;783100198.4
804840000;789695296;757871424;767265280;794529664;;782840332.8
794411584;783616832;755552640;756858560;812934336;;780674790.4
794338496;793242432;746955968;772434752;799953856;;781385100.8
807991680;774660928;760152320;756187264;771754752;;774149388.8
813681792;770583616;755684288;741411520;806619456;;777596134.4
804045376;768075712;754873344;746145088;800693888;;774766681.6
790814272;772841920;755385088;723697600;787525760;;766052928
801284160;770483904;751704512;726188160;789022720;;767736691.2
792313280;778193280;701964480;737341504;796002368;;761162982.4
753113216;766993152;752860096;744174272;787603904;;760948928
798489088;773989632;747133696;745186368;788537600;;770667276.8
787466688;769959488;730612736;749486400;784164352;;764337932.8
799651328;769597120;723877376;743811712;786431552;;764673817.6
798028800;777291584;734060672;751492672;775108160;;767196377.6
781255744;757025024;744667968;748331264;791201280;;764496256
792048512;785678656;723479360;745595008;784046080;;766169523.2
801553664;764801472;734807424;721687168;777643008;;760098547.2
769310848;757148992;739964544;726084736;782222400;;754946304
779605888;768656960;743658816;741167808;781759360;;762969766.4
789099456;782503936;728231360;741052608;771355264;;762448524.8
767302080;777111872;723204096;732836992;786246208;;757340249.6
769966016;756494912;733604416;732802496;774442240;;753462016
782186624;776798912;722794560;739481600;778958336;;760044006.4
779502720;755211584;703019968;730999872;773254784;;748397785.6
785368832;747900224;708315648;729312960;764534464;;747086425.6
754804096;762938688;714632384;729284288;778377856;;748007462.4
745901120;748710976;712339456;720408064;764200640;;738312051.2
779456768;756036800;725710464;729826048;752529216;;748711859.2
779087680;766712512;718538432;725631360;771430208;;752280038.4
770201920;734247744;695720320;728702976;757263424;;737227276.8
750103616;753069952;706418176;721604544;762396352;;738718528
757247168;753737408;708151744;723168576;748201344;;738101248
761862336;757349056;702022976;724759552;756374784;;740473740.8
756341376;752740160;717425024;720850112;762633536;;741998041.6
774693440;749514496;703730560;711058496;747566400;;737312678.4
772586048;750203584;705678912;726409216;756481408;;742271833.6
754675840;754283200;708682496;728318528;764372928;;742066598.4
757222976;735356864;717080768;708845952;753231104;;734347532.8
764780992;734830912;716719552;733250816;758462400;;741608934.4
755070912;744489344;711715136;720556224;746558208;;735677964.8
765673472;757434624;713462848;723008640;740969728;;740109862.4
755842944;742410944;706779392;711317632;746634624;;732597107.2
746406336;747170496;700375616;692174848;734693824;;724164224
735275840;749881920;704145088;691614080;749769536;;726137292.8
751382656;735076800;715669376;712297088;752514240;;733388032
750219776;742461312;712765440;715709120;742027072;;732636544
723701312;748922176;709507328;702922048;746782464;;726367065.6
746733888;732072000;718896256;714258560;733372544;;729066649.6
749918784;746442496;706697664;711982848;742028096;;731413977.6
743916224;739688512;700531584;699792384;753077312;;727401203.2
749060416;734469440;705226176;713556480;738429952;;728148492.8
734799296;739383232;695640768;701420736;750181888;;724285184
732269184;735294400;710943680;707761344;738905408;;725034803.2
717289024;710378304;704451584;706642944;726242112;;713000793.6
746566976;722777152;698599040;702969408;747302912;;723643097.6
735089088;743033728;691778688;697438656;743189888;;722106009.6
731721280;739095360;680722496;686929088;728585152;;713410675.2
738943040;725644864;701855040;704069376;729403200;;719983104
734014016;729609600;699976576;700231168;724338880;;717634048
735258176;720263616;694958592;706089216;743403008;;719994521.6
720819840;731729216;688435008;706374464;727733056;;715018316.8
731852672;727779520;689487552;697518784;730181504;;715364006.4
732372352;728089152;673880128;700884480;732521472;;713549516.8
733577536;727194688;687654016;692157888;735275904;;715172006.4
706296384;733953792;687248704;697607040;733553280;;711731840
700421824;712845888;672863744;702286144;728719744;;703427468.8
721162240;713358144;689143616;690084544;729013760;;708552460.8
724660736;707378368;677352768;699807424;724684160;;706776691.2
718901952;714784256;678357376;699026752;724186304;;707051328
709969280;707216000;679993152;699532864;729835072;;705309273.6
714010496;702298176;676393280;695386240;729333888;;703484416
715649344;701290304;681062912;691461376;727690688;;703430924.8
721325760;717601472;664993984;689466944;717995328;;702276697.6
720878720;701478336;677691520;690065664;703983872;;698819622.4
720956096;720610880;671654848;686040576;717398400;;703332160
719566720;705310016;673084544;694982784;713088512;;701206515.2
707406912;694007104;680935104;690280384;715640768;;697654054.4
710105472;694567808;676256576;670030016;722974272;;694786828.8
708916608;704213440;671156928;687272896;722997760;;698911526.4
721404672;699842880;675753792;683363008;723256256;;700724121.6
707094656;691235776;657500032;693156800;714693760;;692736204.8
719393536;697281792;666683392;680817152;695921728;;692019520
715064832;708381248;667628160;669091584;696857984;;691404761.6
706331648;708310272;668756928;672464320;708475392;;692867712
709196544;704481600;668172096;676550848;710240896;;693728396.8
704132032;705316032;650630720;675958144;686236608;;684454707.2
716552768;698039616;675656512;664214912;710285824;;692949926.4
694815872;706894272;670296960;681820800;716045696;;693974720
706409024;682883392;660460480;682266624;707832320;;687970368
714576256;708446272;651313984;657003456;706587392;;687585472
697315392;703337408;658312000;669894144;706437632;;687059315.2
708593728;692299840;660287040;667386240;706655168;;687044403.2
710962560;697424448;673449664;684058304;705467008;;694272396.8
710458944;696716352;638912960;676974592;707543296;;686121228.8
679190720;682383552;657513408;681256320;698441792;;679757158.4
689222080;690860096;665888832;678686464;697054080;;684342310.4
706748544;701244992;655571392;671702400;700479488;;687149363.2
697011968;699942976;657968128;680021120;702340416;;687456921.6
680027584;697719616;650763968;677723136;676277312;;676502323.2
692117632;695482816;657854912;649804864;706521472;;680356339.2
701040768;686341440;647168768;684360384;696288320;;683039936
687989632;697189760;658945856;670617600;690372800;;681023129.6
691530368;698827904;653845440;677216064;686045504;;681493056
674203968;684532672;646287680;669478656;684152576;;671731110.4
679050112;699939392;660063936;667456704;696835392;;680669107.2
695993728;697815168;654692736;679159104;687281024;;682988352
691106560;679743552;655839168;673338944;686234880;;677252620.8
682459776;686840512;661778752;663359232;697682240;;678424102.4
687639680;693115200;648984000;668591296;685437568;;676753548.8
695000320;692948224;635478464;667347072;694959744;;677146764.8
692093120;691429824;644310784;669793792;689852096;;677495923.2
695286080;687198016;647473344;666533312;688474368;;676993024
694775424;692114880;651443392;672487552;694347264;;681033702.4
677821376;677936704;643341120;675553344;692527168;;673435942.4
691254720;690708800;649630784;669339200;696307456;;679448192
689721216;685591616;651182912;660562368;685310208;;674473664
688388672;681962176;638075136;675730560;684849344;;673801177.6
690290752;684652160;635904256;667040320;691261184;;673829734.4
684815936;690940672;631308288;658211904;685707648;;670196889.6
666847872;680380096;634152832;671328192;684113856;;667364569.6
693539968;676330944;633385152;668358400;682793088;;670881510.4
687144192;676616640;632073152;666330304;683457088;;669124275.2
682556096;664182016;643179712;663355456;682532864;;667161228.8
672145600;663758784;630878080;643073792;680647360;;658100723.2
675369344;677754560;638380992;661050240;684587136;;667428454.4
673839040;684299520;637797248;666004672;678731008;;668134297.6
675643008;673732928;635576064;666790784;684493440;;667247244.8
678301504;682363712;626933376;642724224;677447616;;661554086.4
668606080;671795072;627538304;655398656;662044928;;657076608
673526208;677366912;621644416;659448064;679578560;;662312832
669019968;662400320;637541888;659002688;679276608;;661448294.4
674689088;675911744;629151808;646390656;690244672;;663277593.6
669227136;675347264;617109248;654239360;690289664;;661242534.4
670411648;645351488;634838400;657773312;676436352;;656962240
660172416;658233280;636761856;662181568;677831616;;659036147.2
667839104;670903744;624182720;654818816;666346880;;656818252.8
671774656;667731840;627449600;649140096;667750848;;656769408
668679616;665152704;628322816;649964864;676111104;;657646220.8
665727104;669073216;627140928;648907328;682022912;;658574297.6
667334976;664238656;616890240;647906752;675583680;;654390860.8
658479552;663482944;627251840;658108352;678361984;;657136934.4
656978304;663356864;620197440;647348352;675993344;;652774860.8
658184320;667613760;621348288;641916480;654102592;;648633088
653352192;652927424;618699392;648481856;672678912;;649227955.2
656861248;663390912;608019904;632987904;677467392;;647745472
649119936;645150848;626175360;641420928;677378688;;647849152
656048896;656658240;609062464;647748032;663317376;;646567001.6
654415424;650076480;621888832;640932416;656591744;;644780979.2
653779136;653469504;620233664;653145792;658001600;;647725939.2
644609536;638577984;619178560;641732224;644450816;;637709824
664075264;651644736;620523776;641342720;670217792;;649560857.6
646210880;638568000;623624128;640036928;667633792;;643214745.6
659913728;638972352;618690112;640311680;659090432;;643395660.8
644968064;647937792;605699328;623775424;659399168;;636355955.2
654695872;647703872;604155776;633171264;651487872;;638242931.2
660234560;646459328;613155648;623857088;660707968;;640882918.4
657170880;646571264;623489472;619416832;656617024;;640653094.4
654118528;640909504;608199296;632295168;659664960;;639037491.2
624013056;649209472;619680064;616574144;658805760;;633656499.2
644588096;642009856;607328064;629837376;659156672;;636584012.8
631938624;636349248;596897664;629603776;653951104;;629748083.2
638974016;641699904;612452800;628154880;664326272;;637121574.4
655720064;649370688;612878912;620652480;658937088;;639511846.4
653600960;644154944;593758912;630673152;661515328;;636740659.2
649713024;637756224;611163840;626717504;646671424;;634404403.2
646702016;642251584;607730816;615635520;629436672;;628351321.6
650269440;637878208;608718976;615064960;665016896;;635389696
608236288;636451904;607428160;622858432;656601280;;626315212.8
646154048;638190528;613585024;615151872;658952192;;634406732.8
645599616;636051136;612442624;617265472;632735104;;628818790.4
644591296;636823744;608922432;610119872;630615680;;626214604.8
645689472;633445184;617114752;622643904;655613888;;634901440
638339520;632980928;606840512;624589696;633598848;;627269900.8
644783872;633479744;582264960;623625152;651752000;;627181145.6
643215872;635422912;604538304;610469632;656671296;;630063603.2
639107968;636418688;610879936;631246016;654658752;;634462272
641743744;629223488;607137792;635021632;644739200;;631573171.2
642774720;632065920;601868800;616956864;653884672;;629510195.2
643847872;631678784;601734400;613336192;649099392;;627939328
634397056;622713792;599454080;621259008;654553216;;626475430.4
646039744;632806848;602963072;615334016;640551936;;627539123.2
631207168;624883904;606613952;610536832;638056896;;622259750.4
638547008;635556672;597915968;620121408;647609216;;627950054.4
621272768;639529024;605210688;624546944;642293760;;626570636.8
627890176;622520640;603191360;620743808;645545728;;623978342.4
625297664;629168448;605264000;616808640;642038016;;623715353.6
632434944;625279680;602673024;618531136;643817408;;624547238.4
626278144;617019584;598430272;614092736;648553600;;620874867.2
632406464;627142720;591562880;623415296;646075776;;624120627.2
626380288;622147648;586793536;608484480;643737600;;617508710.4
615398400;625350912;590555200;612609344;633572096;;615497190.4
635504832;619399104;581767104;618835200;637429056;;618587059.2
608364544;615144768;598027584;604199296;628542144;;610855667.2
633344128;621573568;591797056;598191616;642096384;;617400550.4
616317120;621542336;595846016;607875456;638098944;;615935974.4
622574464;620003136;605499072;592030720;639778304;;615977139.2
625261248;617547520;596557568;602764928;638118656;;616049984
622708480;620503360;595466112;601299776;632278784;;614451302.4
628921152;612445760;601530560;606935680;637683584;;617503347.2
621161088;601436992;579954496;598165120;626177152;;605378969.6
618804416;618331712;582942912;611595712;632356032;;612806156.8
624283072;623116480;587055424;607059840;630587456;;614420454.4
620148928;620992256;582847360;607796736;628514240;;612059904
608538304;602635200;588786816;610850624;639387200;;610039628.8
609036608;615225152;589632320;614442432;638417280;;613350758.4
615749440;606485568;580596800;610416448;630143360;;608678323.2
614930240;615175488;588181632;592770944;632325632;;608676787.2
601249600;603332800;586290304;580204864;638525696;;601920652.8
595746048;608648896;586070272;600358784;639659904;;606096780.8
589958464;603643072;584198208;607467136;634536704;;603960716.8
616939072;611674432;578817664;605370112;628731392;;608306534.4
600579584;601591680;586571584;595635072;636407232;;604157030.4
606409536;608351296;584286720;600566400;630968640;;606116518.4
600444032;606562752;584717504;600521536;619559296;;602361024
610874816;592544320;586092736;605186688;637482816;;606436275.2
599921664;603322688;577997504;597064448;634289088;;602519078.4
599488256;604446528;566302976;603505408;625101248;;599768883.2
604876544;613360704;572739392;592097792;634165376;;603447961.6
594828608;610243392;581794368;599848832;631842432;;603711526.4
609350720;609444032;569543424;604094400;621324544;;602751424
602444992;595472576;583294720;595872512;620861952;;599589350.4
606402624;597477696;577642688;602690304;632019200;;603246502.4
604087488;593177152;572214080;579300480;619852544;;593726348.8
612705408;601276480;567671424;601752384;619688768;;600618892.8
593522496;593872704;579791104;585141376;615573568;;593580249.6
600025216;594860096;568960256;592734464;618446400;;595005286.4
598716352;596944960;568750400;587834688;629214528;;596292185.6
594907328;601626816;574991488;591412672;638114240;;600210508.8
594145152;591954816;578134976;588081024;617620928;;593987379.2
602623488;598037184;556189248;592467008;621730048;;594209395.2
601452608;599079616;575461696;582157440;627470720;;597124416
588944256;598979712;577668032;594297472;630582016;;598094297.6
598461312;589264704;572513280;582718272;613090176;;591209548.8
594994368;589456448;562356864;580644032;614324352;;588355212.8
600762880;584875648;567700160;594207936;626364992;;594782323.2
591033728;592779392;570345216;590892736;619053888;;592820992
604612160;591192640;569550272;587790144;620162880;;594661619.2
597555008;586470976;575381568;582178880;625568384;;593430963.2
608885632;589546048;570995456;565856576;624185344;;591893811.2
600227136;594310720;573649920;579064128;621582272;;593766835.2
595854848;591157696;567546112;588542336;617158784;;592051955.2
598119680;588560192;573101504;588542592;611901376;;592045068.8
580626816;583082944;567424960;583240448;609012032;;584677440
579504576;588133056;562194880;583456128;617833344;;586224396.8
601047104;586734720;567777920;586973120;624603776;;593427328
587458880;566491968;556227904;572623360;622254912;;581011404.8
591297280;582825408;570825408;583157248;606928000;;587006668.8
592930688;564930496;554956160;578138752;622834560;;582758131.2
589246976;565285312;568816448;584238528;610000768;;583517606.4
586718016;580152512;563532096;586091136;617208448;;586740441.6
587619776;566696896;562715840;576519424;615945792;;581899545.6
600539456;575051584;566660736;580964416;617252608;;588093760
576070208;586233664;552980672;589936064;613240320;;583692185.6
584602624;589962432;557116608;584502848;623620992;;587961100.8
589460480;585402432;559973312;581935744;610775616;;585509516.8
586743744;584274112;561071424;580722944;611829888;;584928422.4
589040448;570319680;557156992;576915776;615146944;;581715968
579808768;584228864;547633728;575614976;609941504;;579445568
578189952;554500992;546494656;577207680;617132032;;574705062.4
586867456;580462912;561901056;577015680;603887296;;582026880
586060544;571224704;555299712;581436608;604813184;;579766950.4
560459712;579162816;556515712;575857216;614951616;;577389414.4
583650432;574350528;561598784;571791552;597630976;;577804454.4
582284800;571470528;543039040;575607040;614631488;;577406579.2
576945216;582518016;564402752;573622528;607395712;;580976844.8
579394624;580433216;552009216;571215424;605298176;;577670131.2
582742656;582783936;549230208;569108544;607933568;;578359782.4
581979136;572112960;556243648;568092544;601028928;;575891443.2
564256000;577598272;559504704;569218688;596359616;;573387456
560381824;582409536;557102272;571997952;596240960;;573626508.8
570527808;581991104;551217408;574786880;607664256;;577237491.2
576740160;573114048;555512448;565749248;603975040;;575018188.8
566702528;571502912;566069056;575137792;591842752;;574251008
569181888;569436736;546324672;571449600;596604608;;570599500.8
569326528;577836096;547609408;565900160;604930560;;573120550.4
570334656;575921856;554309696;563309120;600782400;;572931545.6
565472384;562674944;552523008;567058496;591555264;;567856819.2
572136384;575549120;558714368;574177792;591054912;;574326515.2
571474048;569393792;552470592;562954176;603643840;;571987289.6
569584768;577281344;552399104;570456256;604050048;;574754304
555776192;572590784;554891584;556460288;598254848;;567594739.2
550884608;566017920;546294720;556815424;596703616;;563343257.6
571995968;578220160;553040128;562081152;603332800;;573734041.6
546670720;575400256;547917952;563660096;590753088;;564880422.4
567189504;562373952;552887488;563416640;582225856;;565618688
552276096;564696000;546150912;563954752;587816128;;562978777.6
567622528;570382912;545903936;558876352;588866176;;566330380.8
555993088;566291136;545433472;564859328;594755648;;565466534.4
564300096;565219520;550970880;563822912;599047168;;568672115.2
562988480;559248704;546953216;564773120;589815808;;564755865.6
563789696;572526016;547174528;557086464;598308864;;567777113.6
571034112;561834944;549862208;564811712;584608512;;566430297.6
556427584;571981248;542471552;550314304;594006144;;563040166.4
560025728;569112896;546316224;559761600;583754240;;563794137.6
568339904;558903872;546638848;559088576;587681600;;564130560
563603712;572429504;545427072;561300800;590327808;;566617779.2
556853888;570355328;543876736;558369984;584940672;;562879321.6
563622144;565758400;535705984;555011200;586250112;;561269568
563476672;573230400;544761024;554797504;589807040;;565214528
568177600;563394752;547103616;550998784;590652736;;564065497.6
563595392;572756800;544433536;563261376;590218880;;566853196.8
553346240;563142272;542282560;556878272;590911232;;561312115.2
554044096;570885440;542175040;553642624;584565824;;561062604.8
554003072;560695232;542948544;559695104;580640640;;559596518.4
561401856;567182784;539609408;561631488;589979904;;563961088
563791104;568967616;527978944;561786752;589125248;;562329932.8
560389696;558985984;541273728;554457152;584156800;;559852672
560162688;555416960;530424224;563045888;591492992;;560108550.4
556125120;554963328;542271936;552612224;584807040;;558155929.6
558940992;551635840;544963136;557547392;576559424;;557929356.8
552957440;566713152;524045024;561269824;585217408;;558040569.6
545151296;547979520;527249504;552956416;586687424;;552004832
547082816;556650752;533829440;558835136;589650496;;557209728
552225600;561540800;543764864;559288256;583927488;;560149401.6
559162112;555082688;532713376;556545664;584664128;;557633593.6
533782624;567498688;535452736;557697408;575757632;;554037817.6
540126336;562053312;532420064;550920064;580052224;;553114400
554911040;559509312;542348864;543555392;588372416;;557739404.8
550844928;561038528;538072512;555381312;578545792;;556776614.4
538996288;547300032;523574048;558701440;583124352;;550339232
538798720;559015680;529426624;557620480;580252352;;553022771.2
554624000;562862656;529523200;556212608;587288128;;558102118.4
547218368;556874112;533282816;545389120;588742336;;554301350.4
549514624;562625344;530337472;550882048;575569856;;553785868.8
549071104;555526784;533411488;552169344;584443264;;554924396.8
533751872;548938688;526591392;549116672;581931904;;548066105.6
541879360;560927488;534952800;559642240;579032768;;555286931.2
548844352;559308736;535401472;550604672;580693824;;554970611.2
541684544;544501696;532971392;548496704;570409024;;547612672
534469248;552601600;529993152;549185792;583149120;;549879782.4
523936704;548442048;538072512;548066112;576354368;;546974348.8
543449728;550588096;534233120;539776512;581662976;;549942086.4
542296832;551335168;531861920;548775040;577202880;;550294368
538868352;551151360;534890304;550454656;571630848;;549399104
545793920;547507136;523815648;543416320;576534080;;547413420.8
534833056;552563392;531839488;555296064;574312576;;549768915.2
543177600;553253376;527132480;546429440;571001664;;548198912
538142144;550573248;527682592;544802944;562136960;;544667577.6
538973888;556930752;537389376;553271680;574048512;;552122841.6
542507072;547818624;521079168;550957632;572685696;;547009638.4
546010432;553494528;530085056;550317888;573329472;;550647475.2
544658624;550193664;525931936;550768576;568616448;;548033849.6
541386112;550452992;530640896;549389504;571046912;;548583283.2
540291520;548551744;519100352;542467840;571992384;;544480768
540467776;550071296;527012704;543848064;567058240;;545691616
539155904;542547072;526149152;548126912;564250048;;544045817.6
545010368;542130304;529482304;541724672;571598080;;545989145.6
533412480;540889408;525866688;547399040;574035072;;544320537.6
537326080;543473088;525446848;542546752;577901952;;545338944
537912512;547042688;517512256;544174976;567501632;;542828812.8
552439424;547539904;522497856;552443008;565104576;;548004953.6
544251008;545659776;518447200;545247936;565844480;;543890080
534773280;542842688;523827296;535762624;574702336;;542381644.8
540923264;543343232;525368832;537590784;566898240;;542824870.4
537461824;539282816;524908352;543884544;563324544;;541772416
530109440;540967488;526041568;550244160;559416640;;541355859.2
529078240;543401152;518146720;549168448;560306304;;540020172.8
538118720;543203264;525129536;540582720;547582336;;538923315.2
541527296;536710848;524440384;540959552;567465344;;542220684.8
545653696;539387968;521293696;539928640;569040768;;543060953.6
